,labels,NOS,R1,FA,yeo,economo,color_yeo,color_ve,color1,color2,color3,color4,color5,color6,color7,color1_ve,color2_ve,color3_ve,color4_ve,color5_ve,color6_ve,color7_ve
0,caudalmiddlefrontal_3_R,1989.5,1.15492542,0.45462221,fp,asc1,#d62728,#ff7f0e,"rgba(214,39,40,0.2)","rgba(214,39,40,0.2)","rgba(214,39,40,0.2)","rgba(214,39,40,1)","rgba(214,39,40,0.2)","rgba(214,39,40,0.2)","rgba(214,39,40,0.2)","rgba(255,127,14,0.2)","rgba(255,127,14,0.2)","rgba(255,127,14,0.2)","rgba(255,127,14,0.2)","rgba(255,127,14,0.2)","rgba(255,127,14,1)","rgba(255,127,14,0.2)"
1,superiorfrontal_8_L,1910,1.15465833,0.53597922,dmn,asc1,#9467bd,#ff7f0e,"rgba(148,103,189,0.2)","rgba(148,103,189,0.2)","rgba(148,103,189,0.2)","rgba(148,103,189,0.2)","rgba(148,103,189,1)","rgba(148,103,189,0.2)","rgba(148,103,189,0.2)","rgba(255,127,14,0.2)","rgba(255,127,14,0.2)","rgba(255,127,14,0.2)","rgba(255,127,14,0.2)","rgba(255,127,14,0.2)","rgba(255,127,14,1)","rgba(255,127,14,0.2)"
2,superiorfrontal_5_R,1729.5,1.1575827,0.48961227,dmn,asc1,#9467bd,#ff7f0e,"rgba(148,103,189,0.2)","rgba(148,103,189,0.2)","rgba(148,103,189,0.2)","rgba(148,103,189,0.2)","rgba(148,103,189,1)","rgba(148,103,189,0.2)","rgba(148,103,189,0.2)","rgba(255,127,14,0.2)","rgba(255,127,14,0.2)","rgba(255,127,14,0.2)","rgba(255,127,14,0.2)","rgba(255,127,14,0.2)","rgba(255,127,14,1)","rgba(255,127,14,0.2)"
3,lateraloccipital_4_R,1543,1.17790745,0.37794339,vis,pss,#2ca02c,#d62728,"rgba(44,160,44,0.2)","rgba(44,160,44,0.2)","rgba(44,160,44,1)","rgba(44,160,44,0.2)","rgba(44,160,44,0.2)","rgba(44,160,44,0.2)","rgba(44,160,44,0.2)","rgba(214,39,40,0.2)","rgba(214,39,40,0.2)","rgba(214,39,40,0.2)","rgba(214,39,40,0.2)","rgba(214,39,40,1)","rgba(214,39,40,0.2)","rgba(214,39,40,0.2)"
4,postcentral_5_R,1521,1.13664121,0.44902275,sm,ps,#1f77b4,#9467bd,"rgba(31,119,180,1)","rgba(31,119,180,0.2)","rgba(31,119,180,0.2)","rgba(31,119,180,0.2)","rgba(31,119,180,0.2)","rgba(31,119,180,0.2)","rgba(31,119,180,0.2)","rgba(148,103,189,0.2)","rgba(148,103,189,0.2)","rgba(148,103,189,0.2)","rgba(148,103,189,1)","rgba(148,103,189,0.2)","rgba(148,103,189,0.2)","rgba(148,103,189,0.2)"
5,caudalmiddlefrontal_3_L,1498.5,1.14236434,0.45648716,dmn,asc1,#9467bd,#ff7f0e,"rgba(148,103,189,0.2)","rgba(148,103,189,0.2)","rgba(148,103,189,0.2)","rgba(148,103,189,0.2)","rgba(148,103,189,1)","rgba(148,103,189,0.2)","rgba(148,103,189,0.2)","rgba(255,127,14,0.2)","rgba(255,127,14,0.2)","rgba(255,127,14,0.2)","rgba(255,127,14,0.2)","rgba(255,127,14,0.2)","rgba(255,127,14,1)","rgba(255,127,14,0.2)"
6,lateraloccipital_1_L,1456,1.15357284,0.42190884,vis,pss,#2ca02c,#d62728,"rgba(44,160,44,0.2)","rgba(44,160,44,0.2)","rgba(44,160,44,1)","rgba(44,160,44,0.2)","rgba(44,160,44,0.2)","rgba(44,160,44,0.2)","rgba(44,160,44,0.2)","rgba(214,39,40,0.2)","rgba(214,39,40,0.2)","rgba(214,39,40,0.2)","rgba(214,39,40,0.2)","rgba(214,39,40,1)","rgba(214,39,40,0.2)","rgba(214,39,40,0.2)"
7,precentral_6_R,1445,1.12703372,0.47269695,sm,pm,#1f77b4,#1f77b4,"rgba(31,119,180,1)","rgba(31,119,180,0.2)","rgba(31,119,180,0.2)","rgba(31,119,180,0.2)","rgba(31,119,180,0.2)","rgba(31,119,180,0.2)","rgba(31,119,180,0.2)","rgba(31,119,180,1)","rgba(31,119,180,0.2)","rgba(31,119,180,0.2)","rgba(31,119,180,0.2)","rgba(31,119,180,0.2)","rgba(31,119,180,0.2)","rgba(31,119,180,0.2)"
8,superiorfrontal_4_R,1373,1.14950641,0.44236543,dmn,asc1,#9467bd,#ff7f0e,"rgba(148,103,189,0.2)","rgba(148,103,189,0.2)","rgba(148,103,189,0.2)","rgba(148,103,189,0.2)","rgba(148,103,189,1)","rgba(148,103,189,0.2)","rgba(148,103,189,0.2)","rgba(255,127,14,0.2)","rgba(255,127,14,0.2)","rgba(255,127,14,0.2)","rgba(255,127,14,0.2)","rgba(255,127,14,0.2)","rgba(255,127,14,1)","rgba(255,127,14,0.2)"
9,lateraloccipital_2_R,1343.5,1.18647807,0.40170359,vis,pss,#2ca02c,#d62728,"rgba(44,160,44,0.2)","rgba(44,160,44,0.2)","rgba(44,160,44,1)","rgba(44,160,44,0.2)","rgba(44,160,44,0.2)","rgba(44,160,44,0.2)","rgba(44,160,44,0.2)","rgba(214,39,40,0.2)","rgba(214,39,40,0.2)","rgba(214,39,40,0.2)","rgba(214,39,40,0.2)","rgba(214,39,40,1)","rgba(214,39,40,0.2)","rgba(214,39,40,0.2)"
10,parsopercularis_2_L,1342.5,1.15910077,0.44803909,va,asc1,#ff7f0e,#ff7f0e,"rgba(255,127,14,0.2)","rgba(255,127,14,1)","rgba(255,127,14,0.2)","rgba(255,127,14,0.2)","rgba(255,127,14,0.2)","rgba(255,127,14,0.2)","rgba(255,127,14,0.2)","rgba(255,127,14,0.2)","rgba(255,127,14,0.2)","rgba(255,127,14,0.2)","rgba(255,127,14,0.2)","rgba(255,127,14,0.2)","rgba(255,127,14,1)","rgba(255,127,14,0.2)"
11,superiorfrontal_6_L,1330.5,1.14014031,0.43720755,dmn,asc1,#9467bd,#ff7f0e,"rgba(148,103,189,0.2)","rgba(148,103,189,0.2)","rgba(148,103,189,0.2)","rgba(148,103,189,0.2)","rgba(148,103,189,1)","rgba(148,103,189,0.2)","rgba(148,103,189,0.2)","rgba(255,127,14,0.2)","rgba(255,127,14,0.2)","rgba(255,127,14,0.2)","rgba(255,127,14,0.2)","rgba(255,127,14,0.2)","rgba(255,127,14,1)","rgba(255,127,14,0.2)"
12,caudalmiddlefrontal_1_L,1318.5,1.15179711,0.44670619,dmn,asc1,#9467bd,#ff7f0e,"rgba(148,103,189,0.2)","rgba(148,103,189,0.2)","rgba(148,103,189,0.2)","rgba(148,103,189,0.2)","rgba(148,103,189,1)","rgba(148,103,189,0.2)","rgba(148,103,189,0.2)","rgba(255,127,14,0.2)","rgba(255,127,14,0.2)","rgba(255,127,14,0.2)","rgba(255,127,14,0.2)","rgba(255,127,14,0.2)","rgba(255,127,14,1)","rgba(255,127,14,0.2)"
13,inferiorparietal_6_R,1289,1.19722914,0.42546889,dmn,asc1,#9467bd,#ff7f0e,"rgba(148,103,189,0.2)","rgba(148,103,189,0.2)","rgba(148,103,189,0.2)","rgba(148,103,189,0.2)","rgba(148,103,189,1)","rgba(148,103,189,0.2)","rgba(148,103,189,0.2)","rgba(255,127,14,0.2)","rgba(255,127,14,0.2)","rgba(255,127,14,0.2)","rgba(255,127,14,0.2)","rgba(255,127,14,0.2)","rgba(255,127,14,1)","rgba(255,127,14,0.2)"
14,superiorfrontal_3_R,1270,1.1552109,0.44777906,dmn,asc2,#9467bd,#2ca02c,"rgba(148,103,189,0.2)","rgba(148,103,189,0.2)","rgba(148,103,189,0.2)","rgba(148,103,189,0.2)","rgba(148,103,189,1)","rgba(148,103,189,0.2)","rgba(148,103,189,0.2)","rgba(44,160,44,0.2)","rgba(44,160,44,0.2)","rgba(44,160,44,0.2)","rgba(44,160,44,0.2)","rgba(44,160,44,0.2)","rgba(44,160,44,0.2)","rgba(44,160,44,1)"
15,superiorfrontal_6_R,1240.5,1.15880768,0.53052535,sm,pm,#1f77b4,#1f77b4,"rgba(31,119,180,1)","rgba(31,119,180,0.2)","rgba(31,119,180,0.2)","rgba(31,119,180,0.2)","rgba(31,119,180,0.2)","rgba(31,119,180,0.2)","rgba(31,119,180,0.2)","rgba(31,119,180,1)","rgba(31,119,180,0.2)","rgba(31,119,180,0.2)","rgba(31,119,180,0.2)","rgba(31,119,180,0.2)","rgba(31,119,180,0.2)","rgba(31,119,180,0.2)"
16,paracentral_2_L,1215.5,1.13733226,0.44109901,sm,pm,#1f77b4,#1f77b4,"rgba(31,119,180,1)","rgba(31,119,180,0.2)","rgba(31,119,180,0.2)","rgba(31,119,180,0.2)","rgba(31,119,180,0.2)","rgba(31,119,180,0.2)","rgba(31,119,180,0.2)","rgba(31,119,180,1)","rgba(31,119,180,0.2)","rgba(31,119,180,0.2)","rgba(31,119,180,0.2)","rgba(31,119,180,0.2)","rgba(31,119,180,0.2)","rgba(31,119,180,0.2)"
17,superiorparietal_7_R,1197.5,1.18506466,0.47160214,da,asc1,#e377c2,#ff7f0e,"rgba(227,119,194,0.2)","rgba(227,119,194,0.2)","rgba(227,119,194,0.2)","rgba(227,119,194,0.2)","rgba(227,119,194,0.2)","rgba(227,119,194,0.2)","rgba(227,119,194,1)","rgba(255,127,14,0.2)","rgba(255,127,14,0.2)","rgba(255,127,14,0.2)","rgba(255,127,14,0.2)","rgba(255,127,14,0.2)","rgba(255,127,14,1)","rgba(255,127,14,0.2)"
18,rostralmiddlefrontal_2_R,1187,1.16740043,0.43467258,fp,asc2,#d62728,#2ca02c,"rgba(214,39,40,0.2)","rgba(214,39,40,0.2)","rgba(214,39,40,0.2)","rgba(214,39,40,1)","rgba(214,39,40,0.2)","rgba(214,39,40,0.2)","rgba(214,39,40,0.2)","rgba(44,160,44,0.2)","rgba(44,160,44,0.2)","rgba(44,160,44,0.2)","rgba(44,160,44,0.2)","rgba(44,160,44,0.2)","rgba(44,160,44,0.2)","rgba(44,160,44,1)"
19,rostralmiddlefrontal_1_R,1180.5,1.14667848,0.41425635,fp,asc2,#d62728,#2ca02c,"rgba(214,39,40,0.2)","rgba(214,39,40,0.2)","rgba(214,39,40,0.2)","rgba(214,39,40,1)","rgba(214,39,40,0.2)","rgba(214,39,40,0.2)","rgba(214,39,40,0.2)","rgba(44,160,44,0.2)","rgba(44,160,44,0.2)","rgba(44,160,44,0.2)","rgba(44,160,44,0.2)","rgba(44,160,44,0.2)","rgba(44,160,44,0.2)","rgba(44,160,44,1)"
20,superiorparietal_1_R,1169,1.16828973,0.43385161,da,asc1,#e377c2,#ff7f0e,"rgba(227,119,194,0.2)","rgba(227,119,194,0.2)","rgba(227,119,194,0.2)","rgba(227,119,194,0.2)","rgba(227,119,194,0.2)","rgba(227,119,194,0.2)","rgba(227,119,194,1)","rgba(255,127,14,0.2)","rgba(255,127,14,0.2)","rgba(255,127,14,0.2)","rgba(255,127,14,0.2)","rgba(255,127,14,0.2)","rgba(255,127,14,1)","rgba(255,127,14,0.2)"
21,precentral_7_L,1161.5,1.15781375,0.43584227,sm,pm,#1f77b4,#1f77b4,"rgba(31,119,180,1)","rgba(31,119,180,0.2)","rgba(31,119,180,0.2)","rgba(31,119,180,0.2)","rgba(31,119,180,0.2)","rgba(31,119,180,0.2)","rgba(31,119,180,0.2)","rgba(31,119,180,1)","rgba(31,119,180,0.2)","rgba(31,119,180,0.2)","rgba(31,119,180,0.2)","rgba(31,119,180,0.2)","rgba(31,119,180,0.2)","rgba(31,119,180,0.2)"
22,superiorparietal_7_L,1136,1.15907985,0.46622374,da,asc1,#e377c2,#ff7f0e,"rgba(227,119,194,0.2)","rgba(227,119,194,0.2)","rgba(227,119,194,0.2)","rgba(227,119,194,0.2)","rgba(227,119,194,0.2)","rgba(227,119,194,0.2)","rgba(227,119,194,1)","rgba(255,127,14,0.2)","rgba(255,127,14,0.2)","rgba(255,127,14,0.2)","rgba(255,127,14,0.2)","rgba(255,127,14,0.2)","rgba(255,127,14,1)","rgba(255,127,14,0.2)"
23,precentral_4_R,1136,1.13707335,0.44154222,dmn,asc1,#9467bd,#ff7f0e,"rgba(148,103,189,0.2)","rgba(148,103,189,0.2)","rgba(148,103,189,0.2)","rgba(148,103,189,0.2)","rgba(148,103,189,1)","rgba(148,103,189,0.2)","rgba(148,103,189,0.2)","rgba(255,127,14,0.2)","rgba(255,127,14,0.2)","rgba(255,127,14,0.2)","rgba(255,127,14,0.2)","rgba(255,127,14,0.2)","rgba(255,127,14,1)","rgba(255,127,14,0.2)"
24,inferiorparietal_4_L,1135,1.16703607,0.43619864,dmn,asc2,#9467bd,#2ca02c,"rgba(148,103,189,0.2)","rgba(148,103,189,0.2)","rgba(148,103,189,0.2)","rgba(148,103,189,0.2)","rgba(148,103,189,1)","rgba(148,103,189,0.2)","rgba(148,103,189,0.2)","rgba(44,160,44,0.2)","rgba(44,160,44,0.2)","rgba(44,160,44,0.2)","rgba(44,160,44,0.2)","rgba(44,160,44,0.2)","rgba(44,160,44,0.2)","rgba(44,160,44,1)"
25,superiorfrontal_7_L,1133,1.15667862,0.49097877,dmn,asc1,#9467bd,#ff7f0e,"rgba(148,103,189,0.2)","rgba(148,103,189,0.2)","rgba(148,103,189,0.2)","rgba(148,103,189,0.2)","rgba(148,103,189,1)","rgba(148,103,189,0.2)","rgba(148,103,189,0.2)","rgba(255,127,14,0.2)","rgba(255,127,14,0.2)","rgba(255,127,14,0.2)","rgba(255,127,14,0.2)","rgba(255,127,14,0.2)","rgba(255,127,14,1)","rgba(255,127,14,0.2)"
26,cuneus_1_L,1130.5,1.1314673,0.41636081,vis,pss,#2ca02c,#d62728,"rgba(44,160,44,0.2)","rgba(44,160,44,0.2)","rgba(44,160,44,1)","rgba(44,160,44,0.2)","rgba(44,160,44,0.2)","rgba(44,160,44,0.2)","rgba(44,160,44,0.2)","rgba(214,39,40,0.2)","rgba(214,39,40,0.2)","rgba(214,39,40,0.2)","rgba(214,39,40,0.2)","rgba(214,39,40,1)","rgba(214,39,40,0.2)","rgba(214,39,40,0.2)"
27,lateraloccipital_4_L,1096,1.16140968,0.40755369,vis,pss,#2ca02c,#d62728,"rgba(44,160,44,0.2)","rgba(44,160,44,0.2)","rgba(44,160,44,1)","rgba(44,160,44,0.2)","rgba(44,160,44,0.2)","rgba(44,160,44,0.2)","rgba(44,160,44,0.2)","rgba(214,39,40,0.2)","rgba(214,39,40,0.2)","rgba(214,39,40,0.2)","rgba(214,39,40,0.2)","rgba(214,39,40,1)","rgba(214,39,40,0.2)","rgba(214,39,40,0.2)"
28,middletemporal_1_R,1075.5,1.20056473,0.43676698,dmn,asc1,#9467bd,#ff7f0e,"rgba(148,103,189,0.2)","rgba(148,103,189,0.2)","rgba(148,103,189,0.2)","rgba(148,103,189,0.2)","rgba(148,103,189,1)","rgba(148,103,189,0.2)","rgba(148,103,189,0.2)","rgba(255,127,14,0.2)","rgba(255,127,14,0.2)","rgba(255,127,14,0.2)","rgba(255,127,14,0.2)","rgba(255,127,14,0.2)","rgba(255,127,14,1)","rgba(255,127,14,0.2)"
29,inferiorparietal_1_L,1065.5,1.16423151,0.42416647,dmn,asc2,#9467bd,#2ca02c,"rgba(148,103,189,0.2)","rgba(148,103,189,0.2)","rgba(148,103,189,0.2)","rgba(148,103,189,0.2)","rgba(148,103,189,1)","rgba(148,103,189,0.2)","rgba(148,103,189,0.2)","rgba(44,160,44,0.2)","rgba(44,160,44,0.2)","rgba(44,160,44,0.2)","rgba(44,160,44,0.2)","rgba(44,160,44,0.2)","rgba(44,160,44,0.2)","rgba(44,160,44,1)"
30,middletemporal_1_L,1063,1.17514709,0.45533212,dmn,asc1,#9467bd,#ff7f0e,"rgba(148,103,189,0.2)","rgba(148,103,189,0.2)","rgba(148,103,189,0.2)","rgba(148,103,189,0.2)","rgba(148,103,189,1)","rgba(148,103,189,0.2)","rgba(148,103,189,0.2)","rgba(255,127,14,0.2)","rgba(255,127,14,0.2)","rgba(255,127,14,0.2)","rgba(255,127,14,0.2)","rgba(255,127,14,0.2)","rgba(255,127,14,1)","rgba(255,127,14,0.2)"
31,superiorfrontal_9_L,1051,1.14114334,0.47557801,dmn,asc1,#9467bd,#ff7f0e,"rgba(148,103,189,0.2)","rgba(148,103,189,0.2)","rgba(148,103,189,0.2)","rgba(148,103,189,0.2)","rgba(148,103,189,1)","rgba(148,103,189,0.2)","rgba(148,103,189,0.2)","rgba(255,127,14,0.2)","rgba(255,127,14,0.2)","rgba(255,127,14,0.2)","rgba(255,127,14,0.2)","rgba(255,127,14,0.2)","rgba(255,127,14,1)","rgba(255,127,14,0.2)"
32,superiorfrontal_3_L,1028.5,1.16321263,0.45368184,dmn,asc1,#9467bd,#ff7f0e,"rgba(148,103,189,0.2)","rgba(148,103,189,0.2)","rgba(148,103,189,0.2)","rgba(148,103,189,0.2)","rgba(148,103,189,1)","rgba(148,103,189,0.2)","rgba(148,103,189,0.2)","rgba(255,127,14,0.2)","rgba(255,127,14,0.2)","rgba(255,127,14,0.2)","rgba(255,127,14,0.2)","rgba(255,127,14,0.2)","rgba(255,127,14,1)","rgba(255,127,14,0.2)"
33,postcentral_3_R,1015,1.14342175,0.42057016,sm,ps,#1f77b4,#9467bd,"rgba(31,119,180,1)","rgba(31,119,180,0.2)","rgba(31,119,180,0.2)","rgba(31,119,180,0.2)","rgba(31,119,180,0.2)","rgba(31,119,180,0.2)","rgba(31,119,180,0.2)","rgba(148,103,189,0.2)","rgba(148,103,189,0.2)","rgba(148,103,189,0.2)","rgba(148,103,189,1)","rgba(148,103,189,0.2)","rgba(148,103,189,0.2)","rgba(148,103,189,0.2)"
34,precentral_5_R,1009,1.12481557,0.44334,sm,pm,#1f77b4,#1f77b4,"rgba(31,119,180,1)","rgba(31,119,180,0.2)","rgba(31,119,180,0.2)","rgba(31,119,180,0.2)","rgba(31,119,180,0.2)","rgba(31,119,180,0.2)","rgba(31,119,180,0.2)","rgba(31,119,180,1)","rgba(31,119,180,0.2)","rgba(31,119,180,0.2)","rgba(31,119,180,0.2)","rgba(31,119,180,0.2)","rgba(31,119,180,0.2)","rgba(31,119,180,0.2)"
35,parsopercularis_2_R,1005,1.1605092,0.44738044,va,asc1,#ff7f0e,#ff7f0e,"rgba(255,127,14,0.2)","rgba(255,127,14,1)","rgba(255,127,14,0.2)","rgba(255,127,14,0.2)","rgba(255,127,14,0.2)","rgba(255,127,14,0.2)","rgba(255,127,14,0.2)","rgba(255,127,14,0.2)","rgba(255,127,14,0.2)","rgba(255,127,14,0.2)","rgba(255,127,14,0.2)","rgba(255,127,14,0.2)","rgba(255,127,14,1)","rgba(255,127,14,0.2)"
36,lateraloccipital_5_R,1002,1.1968924,0.40313077,vis,pss,#2ca02c,#d62728,"rgba(44,160,44,0.2)","rgba(44,160,44,0.2)","rgba(44,160,44,1)","rgba(44,160,44,0.2)","rgba(44,160,44,0.2)","rgba(44,160,44,0.2)","rgba(44,160,44,0.2)","rgba(214,39,40,0.2)","rgba(214,39,40,0.2)","rgba(214,39,40,0.2)","rgba(214,39,40,0.2)","rgba(214,39,40,1)","rgba(214,39,40,0.2)","rgba(214,39,40,0.2)"
37,parstriangularis_1_L,1001.5,1.15044116,0.41278871,dmn,asc1,#9467bd,#ff7f0e,"rgba(148,103,189,0.2)","rgba(148,103,189,0.2)","rgba(148,103,189,0.2)","rgba(148,103,189,0.2)","rgba(148,103,189,1)","rgba(148,103,189,0.2)","rgba(148,103,189,0.2)","rgba(255,127,14,0.2)","rgba(255,127,14,0.2)","rgba(255,127,14,0.2)","rgba(255,127,14,0.2)","rgba(255,127,14,0.2)","rgba(255,127,14,1)","rgba(255,127,14,0.2)"
38,rostralmiddlefrontal_3_R,998.5,1.15402618,0.4099103,fp,asc2,#d62728,#2ca02c,"rgba(214,39,40,0.2)","rgba(214,39,40,0.2)","rgba(214,39,40,0.2)","rgba(214,39,40,1)","rgba(214,39,40,0.2)","rgba(214,39,40,0.2)","rgba(214,39,40,0.2)","rgba(44,160,44,0.2)","rgba(44,160,44,0.2)","rgba(44,160,44,0.2)","rgba(44,160,44,0.2)","rgba(44,160,44,0.2)","rgba(44,160,44,0.2)","rgba(44,160,44,1)"
39,superiorparietal_2_L,977.5,1.15022019,0.4638271,da,asc1,#e377c2,#ff7f0e,"rgba(227,119,194,0.2)","rgba(227,119,194,0.2)","rgba(227,119,194,0.2)","rgba(227,119,194,0.2)","rgba(227,119,194,0.2)","rgba(227,119,194,0.2)","rgba(227,119,194,1)","rgba(255,127,14,0.2)","rgba(255,127,14,0.2)","rgba(255,127,14,0.2)","rgba(255,127,14,0.2)","rgba(255,127,14,0.2)","rgba(255,127,14,1)","rgba(255,127,14,0.2)"
40,isthmuscingulate_1_L,977.5,1.14858826,0.42419772,dmn,lim,#9467bd,#8c564b,"rgba(148,103,189,0.2)","rgba(148,103,189,0.2)","rgba(148,103,189,0.2)","rgba(148,103,189,0.2)","rgba(148,103,189,1)","rgba(148,103,189,0.2)","rgba(148,103,189,0.2)","rgba(140,86,75,0.2)","rgba(140,86,75,0.2)","rgba(140,86,75,1)","rgba(140,86,75,0.2)","rgba(140,86,75,0.2)","rgba(140,86,75,0.2)","rgba(140,86,75,0.2)"
41,rostralmiddlefrontal_2_L,977,1.15120002,0.419295,fp,asc2,#d62728,#2ca02c,"rgba(214,39,40,0.2)","rgba(214,39,40,0.2)","rgba(214,39,40,0.2)","rgba(214,39,40,1)","rgba(214,39,40,0.2)","rgba(214,39,40,0.2)","rgba(214,39,40,0.2)","rgba(44,160,44,0.2)","rgba(44,160,44,0.2)","rgba(44,160,44,0.2)","rgba(44,160,44,0.2)","rgba(44,160,44,0.2)","rgba(44,160,44,0.2)","rgba(44,160,44,1)"
42,inferiorparietal_5_L,974,1.16498387,0.43289566,dmn,asc2,#9467bd,#2ca02c,"rgba(148,103,189,0.2)","rgba(148,103,189,0.2)","rgba(148,103,189,0.2)","rgba(148,103,189,0.2)","rgba(148,103,189,1)","rgba(148,103,189,0.2)","rgba(148,103,189,0.2)","rgba(44,160,44,0.2)","rgba(44,160,44,0.2)","rgba(44,160,44,0.2)","rgba(44,160,44,0.2)","rgba(44,160,44,0.2)","rgba(44,160,44,0.2)","rgba(44,160,44,1)"
43,precentral_3_L,965.5,1.10901727,0.44928092,sm,pm,#1f77b4,#1f77b4,"rgba(31,119,180,1)","rgba(31,119,180,0.2)","rgba(31,119,180,0.2)","rgba(31,119,180,0.2)","rgba(31,119,180,0.2)","rgba(31,119,180,0.2)","rgba(31,119,180,0.2)","rgba(31,119,180,1)","rgba(31,119,180,0.2)","rgba(31,119,180,0.2)","rgba(31,119,180,0.2)","rgba(31,119,180,0.2)","rgba(31,119,180,0.2)","rgba(31,119,180,0.2)"
44,superiorfrontal_2_R,954.5,1.15187512,0.44757912,dmn,asc1,#9467bd,#ff7f0e,"rgba(148,103,189,0.2)","rgba(148,103,189,0.2)","rgba(148,103,189,0.2)","rgba(148,103,189,0.2)","rgba(148,103,189,1)","rgba(148,103,189,0.2)","rgba(148,103,189,0.2)","rgba(255,127,14,0.2)","rgba(255,127,14,0.2)","rgba(255,127,14,0.2)","rgba(255,127,14,0.2)","rgba(255,127,14,0.2)","rgba(255,127,14,1)","rgba(255,127,14,0.2)"
45,superiorfrontal_7_R,947,1.14631067,0.50129612,dmn,asc1,#9467bd,#ff7f0e,"rgba(148,103,189,0.2)","rgba(148,103,189,0.2)","rgba(148,103,189,0.2)","rgba(148,103,189,0.2)","rgba(148,103,189,1)","rgba(148,103,189,0.2)","rgba(148,103,189,0.2)","rgba(255,127,14,0.2)","rgba(255,127,14,0.2)","rgba(255,127,14,0.2)","rgba(255,127,14,0.2)","rgba(255,127,14,0.2)","rgba(255,127,14,1)","rgba(255,127,14,0.2)"
46,supramarginal_5_L,933.5,1.15622824,0.42405071,va,asc2,#ff7f0e,#2ca02c,"rgba(255,127,14,0.2)","rgba(255,127,14,1)","rgba(255,127,14,0.2)","rgba(255,127,14,0.2)","rgba(255,127,14,0.2)","rgba(255,127,14,0.2)","rgba(255,127,14,0.2)","rgba(44,160,44,0.2)","rgba(44,160,44,0.2)","rgba(44,160,44,0.2)","rgba(44,160,44,0.2)","rgba(44,160,44,0.2)","rgba(44,160,44,0.2)","rgba(44,160,44,1)"
47,superiorparietal_5_L,928,1.16347811,0.436301,da,asc1,#e377c2,#ff7f0e,"rgba(227,119,194,0.2)","rgba(227,119,194,0.2)","rgba(227,119,194,0.2)","rgba(227,119,194,0.2)","rgba(227,119,194,0.2)","rgba(227,119,194,0.2)","rgba(227,119,194,1)","rgba(255,127,14,0.2)","rgba(255,127,14,0.2)","rgba(255,127,14,0.2)","rgba(255,127,14,0.2)","rgba(255,127,14,0.2)","rgba(255,127,14,1)","rgba(255,127,14,0.2)"
48,superiorfrontal_5_L,926,1.16429829,0.46269956,dmn,asc1,#9467bd,#ff7f0e,"rgba(148,103,189,0.2)","rgba(148,103,189,0.2)","rgba(148,103,189,0.2)","rgba(148,103,189,0.2)","rgba(148,103,189,1)","rgba(148,103,189,0.2)","rgba(148,103,189,0.2)","rgba(255,127,14,0.2)","rgba(255,127,14,0.2)","rgba(255,127,14,0.2)","rgba(255,127,14,0.2)","rgba(255,127,14,0.2)","rgba(255,127,14,1)","rgba(255,127,14,0.2)"
49,rostralmiddlefrontal_4 _L,926,1.15694156,0.39714599,fp,asc2,#d62728,#2ca02c,"rgba(214,39,40,0.2)","rgba(214,39,40,0.2)","rgba(214,39,40,0.2)","rgba(214,39,40,1)","rgba(214,39,40,0.2)","rgba(214,39,40,0.2)","rgba(214,39,40,0.2)","rgba(44,160,44,0.2)","rgba(44,160,44,0.2)","rgba(44,160,44,0.2)","rgba(44,160,44,0.2)","rgba(44,160,44,0.2)","rgba(44,160,44,0.2)","rgba(44,160,44,1)"
50,caudalmiddlefrontal_1_R,909,1.14699392,0.44188089,fp,asc1,#d62728,#ff7f0e,"rgba(214,39,40,0.2)","rgba(214,39,40,0.2)","rgba(214,39,40,0.2)","rgba(214,39,40,1)","rgba(214,39,40,0.2)","rgba(214,39,40,0.2)","rgba(214,39,40,0.2)","rgba(255,127,14,0.2)","rgba(255,127,14,0.2)","rgba(255,127,14,0.2)","rgba(255,127,14,0.2)","rgba(255,127,14,0.2)","rgba(255,127,14,1)","rgba(255,127,14,0.2)"
51,superiorfrontal_8_R,901,1.14329479,0.44681999,dmn,asc1,#9467bd,#ff7f0e,"rgba(148,103,189,0.2)","rgba(148,103,189,0.2)","rgba(148,103,189,0.2)","rgba(148,103,189,0.2)","rgba(148,103,189,1)","rgba(148,103,189,0.2)","rgba(148,103,189,0.2)","rgba(255,127,14,0.2)","rgba(255,127,14,0.2)","rgba(255,127,14,0.2)","rgba(255,127,14,0.2)","rgba(255,127,14,0.2)","rgba(255,127,14,1)","rgba(255,127,14,0.2)"
52,superiorparietal_4_R,900.5,1.1810732,0.42671879,da,asc1,#e377c2,#ff7f0e,"rgba(227,119,194,0.2)","rgba(227,119,194,0.2)","rgba(227,119,194,0.2)","rgba(227,119,194,0.2)","rgba(227,119,194,0.2)","rgba(227,119,194,0.2)","rgba(227,119,194,1)","rgba(255,127,14,0.2)","rgba(255,127,14,0.2)","rgba(255,127,14,0.2)","rgba(255,127,14,0.2)","rgba(255,127,14,0.2)","rgba(255,127,14,1)","rgba(255,127,14,0.2)"
53,rostralmiddlefrontal_1_L,886,1.16546433,0.43434567,fp,asc2,#d62728,#2ca02c,"rgba(214,39,40,0.2)","rgba(214,39,40,0.2)","rgba(214,39,40,0.2)","rgba(214,39,40,1)","rgba(214,39,40,0.2)","rgba(214,39,40,0.2)","rgba(214,39,40,0.2)","rgba(44,160,44,0.2)","rgba(44,160,44,0.2)","rgba(44,160,44,0.2)","rgba(44,160,44,0.2)","rgba(44,160,44,0.2)","rgba(44,160,44,0.2)","rgba(44,160,44,1)"
54,rostralmiddlefrontal_5 _L,877,1.17343529,0.39540821,fp,asc2,#d62728,#2ca02c,"rgba(214,39,40,0.2)","rgba(214,39,40,0.2)","rgba(214,39,40,0.2)","rgba(214,39,40,1)","rgba(214,39,40,0.2)","rgba(214,39,40,0.2)","rgba(214,39,40,0.2)","rgba(44,160,44,0.2)","rgba(44,160,44,0.2)","rgba(44,160,44,0.2)","rgba(44,160,44,0.2)","rgba(44,160,44,0.2)","rgba(44,160,44,0.2)","rgba(44,160,44,1)"
55,paracentral_2_R,875,1.13850719,0.47983408,sm,pm,#1f77b4,#1f77b4,"rgba(31,119,180,1)","rgba(31,119,180,0.2)","rgba(31,119,180,0.2)","rgba(31,119,180,0.2)","rgba(31,119,180,0.2)","rgba(31,119,180,0.2)","rgba(31,119,180,0.2)","rgba(31,119,180,1)","rgba(31,119,180,0.2)","rgba(31,119,180,0.2)","rgba(31,119,180,0.2)","rgba(31,119,180,0.2)","rgba(31,119,180,0.2)","rgba(31,119,180,0.2)"
56,superiorfrontal_1_R,874.5,1.1540843,0.43875262,dmn,asc1,#9467bd,#ff7f0e,"rgba(148,103,189,0.2)","rgba(148,103,189,0.2)","rgba(148,103,189,0.2)","rgba(148,103,189,0.2)","rgba(148,103,189,1)","rgba(148,103,189,0.2)","rgba(148,103,189,0.2)","rgba(255,127,14,0.2)","rgba(255,127,14,0.2)","rgba(255,127,14,0.2)","rgba(255,127,14,0.2)","rgba(255,127,14,0.2)","rgba(255,127,14,1)","rgba(255,127,14,0.2)"
57,pericalcarine_1_L,862,1.112805,0.39708354,vis,ps,#2ca02c,#9467bd,"rgba(44,160,44,0.2)","rgba(44,160,44,0.2)","rgba(44,160,44,1)","rgba(44,160,44,0.2)","rgba(44,160,44,0.2)","rgba(44,160,44,0.2)","rgba(44,160,44,0.2)","rgba(148,103,189,0.2)","rgba(148,103,189,0.2)","rgba(148,103,189,0.2)","rgba(148,103,189,1)","rgba(148,103,189,0.2)","rgba(148,103,189,0.2)","rgba(148,103,189,0.2)"
58,lateraloccipital_5_L,851.5,1.14049478,0.38022402,vis,pss,#2ca02c,#d62728,"rgba(44,160,44,0.2)","rgba(44,160,44,0.2)","rgba(44,160,44,1)","rgba(44,160,44,0.2)","rgba(44,160,44,0.2)","rgba(44,160,44,0.2)","rgba(44,160,44,0.2)","rgba(214,39,40,0.2)","rgba(214,39,40,0.2)","rgba(214,39,40,0.2)","rgba(214,39,40,0.2)","rgba(214,39,40,1)","rgba(214,39,40,0.2)","rgba(214,39,40,0.2)"
59,lateraloccipital_1_R,848.5,1.16111579,0.4265098,vis,pss,#2ca02c,#d62728,"rgba(44,160,44,0.2)","rgba(44,160,44,0.2)","rgba(44,160,44,1)","rgba(44,160,44,0.2)","rgba(44,160,44,0.2)","rgba(44,160,44,0.2)","rgba(44,160,44,0.2)","rgba(214,39,40,0.2)","rgba(214,39,40,0.2)","rgba(214,39,40,0.2)","rgba(214,39,40,0.2)","rgba(214,39,40,1)","rgba(214,39,40,0.2)","rgba(214,39,40,0.2)"
60,precentral_4_L,843.5,1.1096575,0.43978714,sm,pm,#1f77b4,#1f77b4,"rgba(31,119,180,1)","rgba(31,119,180,0.2)","rgba(31,119,180,0.2)","rgba(31,119,180,0.2)","rgba(31,119,180,0.2)","rgba(31,119,180,0.2)","rgba(31,119,180,0.2)","rgba(31,119,180,1)","rgba(31,119,180,0.2)","rgba(31,119,180,0.2)","rgba(31,119,180,0.2)","rgba(31,119,180,0.2)","rgba(31,119,180,0.2)","rgba(31,119,180,0.2)"
61,supramarginal_4_L,836,1.16328727,0.43293608,va,asc2,#ff7f0e,#2ca02c,"rgba(255,127,14,0.2)","rgba(255,127,14,1)","rgba(255,127,14,0.2)","rgba(255,127,14,0.2)","rgba(255,127,14,0.2)","rgba(255,127,14,0.2)","rgba(255,127,14,0.2)","rgba(44,160,44,0.2)","rgba(44,160,44,0.2)","rgba(44,160,44,0.2)","rgba(44,160,44,0.2)","rgba(44,160,44,0.2)","rgba(44,160,44,0.2)","rgba(44,160,44,1)"
62,superiorfrontal_1_L,829.5,1.17542704,0.45973566,dmn,asc1,#9467bd,#ff7f0e,"rgba(148,103,189,0.2)","rgba(148,103,189,0.2)","rgba(148,103,189,0.2)","rgba(148,103,189,0.2)","rgba(148,103,189,1)","rgba(148,103,189,0.2)","rgba(148,103,189,0.2)","rgba(255,127,14,0.2)","rgba(255,127,14,0.2)","rgba(255,127,14,0.2)","rgba(255,127,14,0.2)","rgba(255,127,14,0.2)","rgba(255,127,14,1)","rgba(255,127,14,0.2)"
63,inferiortemporal_4_L,827,1.15622291,0.43146047,lim,asc1,#8c564b,#ff7f0e,"rgba(140,86,75,0.2)","rgba(140,86,75,0.2)","rgba(140,86,75,0.2)","rgba(140,86,75,0.2)","rgba(140,86,75,0.2)","rgba(140,86,75,1)","rgba(140,86,75,0.2)","rgba(255,127,14,0.2)","rgba(255,127,14,0.2)","rgba(255,127,14,0.2)","rgba(255,127,14,0.2)","rgba(255,127,14,0.2)","rgba(255,127,14,1)","rgba(255,127,14,0.2)"
64,inferiorparietal_2_L,825,1.16251672,0.42276704,dmn,asc2,#9467bd,#2ca02c,"rgba(148,103,189,0.2)","rgba(148,103,189,0.2)","rgba(148,103,189,0.2)","rgba(148,103,189,0.2)","rgba(148,103,189,1)","rgba(148,103,189,0.2)","rgba(148,103,189,0.2)","rgba(44,160,44,0.2)","rgba(44,160,44,0.2)","rgba(44,160,44,0.2)","rgba(44,160,44,0.2)","rgba(44,160,44,0.2)","rgba(44,160,44,0.2)","rgba(44,160,44,1)"
65,inferiortemporal_4_R,821.5,1.19673028,0.42429639,lim,asc1,#8c564b,#ff7f0e,"rgba(140,86,75,0.2)","rgba(140,86,75,0.2)","rgba(140,86,75,0.2)","rgba(140,86,75,0.2)","rgba(140,86,75,0.2)","rgba(140,86,75,1)","rgba(140,86,75,0.2)","rgba(255,127,14,0.2)","rgba(255,127,14,0.2)","rgba(255,127,14,0.2)","rgba(255,127,14,0.2)","rgba(255,127,14,0.2)","rgba(255,127,14,1)","rgba(255,127,14,0.2)"
66,superiorparietal_4_L,805,1.16241111,0.45312158,da,asc1,#e377c2,#ff7f0e,"rgba(227,119,194,0.2)","rgba(227,119,194,0.2)","rgba(227,119,194,0.2)","rgba(227,119,194,0.2)","rgba(227,119,194,0.2)","rgba(227,119,194,0.2)","rgba(227,119,194,1)","rgba(255,127,14,0.2)","rgba(255,127,14,0.2)","rgba(255,127,14,0.2)","rgba(255,127,14,0.2)","rgba(255,127,14,0.2)","rgba(255,127,14,1)","rgba(255,127,14,0.2)"
67,precentral_8_L,798.5,1.13594571,0.42513603,sm,pm,#1f77b4,#1f77b4,"rgba(31,119,180,1)","rgba(31,119,180,0.2)","rgba(31,119,180,0.2)","rgba(31,119,180,0.2)","rgba(31,119,180,0.2)","rgba(31,119,180,0.2)","rgba(31,119,180,0.2)","rgba(31,119,180,1)","rgba(31,119,180,0.2)","rgba(31,119,180,0.2)","rgba(31,119,180,0.2)","rgba(31,119,180,0.2)","rgba(31,119,180,0.2)","rgba(31,119,180,0.2)"
68,insula_3_L,783.5,1.1019023,0.41519316,va,ins,#ff7f0e,#e377c2,"rgba(255,127,14,0.2)","rgba(255,127,14,1)","rgba(255,127,14,0.2)","rgba(255,127,14,0.2)","rgba(255,127,14,0.2)","rgba(255,127,14,0.2)","rgba(255,127,14,0.2)","rgba(227,119,194,0.2)","rgba(227,119,194,1)","rgba(227,119,194,0.2)","rgba(227,119,194,0.2)","rgba(227,119,194,0.2)","rgba(227,119,194,0.2)","rgba(227,119,194,0.2)"
69,isthmuscingulate_1_R,769.5,1.16283127,0.4547353,dmn,lim,#9467bd,#8c564b,"rgba(148,103,189,0.2)","rgba(148,103,189,0.2)","rgba(148,103,189,0.2)","rgba(148,103,189,0.2)","rgba(148,103,189,1)","rgba(148,103,189,0.2)","rgba(148,103,189,0.2)","rgba(140,86,75,0.2)","rgba(140,86,75,0.2)","rgba(140,86,75,1)","rgba(140,86,75,0.2)","rgba(140,86,75,0.2)","rgba(140,86,75,0.2)","rgba(140,86,75,0.2)"
70,superiortemporal_5_R,769,1.14082862,0.44884685,sm,asc2,#1f77b4,#2ca02c,"rgba(31,119,180,1)","rgba(31,119,180,0.2)","rgba(31,119,180,0.2)","rgba(31,119,180,0.2)","rgba(31,119,180,0.2)","rgba(31,119,180,0.2)","rgba(31,119,180,0.2)","rgba(44,160,44,0.2)","rgba(44,160,44,0.2)","rgba(44,160,44,0.2)","rgba(44,160,44,0.2)","rgba(44,160,44,0.2)","rgba(44,160,44,0.2)","rgba(44,160,44,1)"
71,supramarginal_3_R,768.5,1.1802292,0.44100066,va,asc2,#ff7f0e,#2ca02c,"rgba(255,127,14,0.2)","rgba(255,127,14,1)","rgba(255,127,14,0.2)","rgba(255,127,14,0.2)","rgba(255,127,14,0.2)","rgba(255,127,14,0.2)","rgba(255,127,14,0.2)","rgba(44,160,44,0.2)","rgba(44,160,44,0.2)","rgba(44,160,44,0.2)","rgba(44,160,44,0.2)","rgba(44,160,44,0.2)","rgba(44,160,44,0.2)","rgba(44,160,44,1)"
72,precentral_2_R,768.5,1.16278401,0.41259695,sm,pm,#1f77b4,#1f77b4,"rgba(31,119,180,1)","rgba(31,119,180,0.2)","rgba(31,119,180,0.2)","rgba(31,119,180,0.2)","rgba(31,119,180,0.2)","rgba(31,119,180,0.2)","rgba(31,119,180,0.2)","rgba(31,119,180,1)","rgba(31,119,180,0.2)","rgba(31,119,180,0.2)","rgba(31,119,180,0.2)","rgba(31,119,180,0.2)","rgba(31,119,180,0.2)","rgba(31,119,180,0.2)"
73,inferiorparietal_2_R,766,1.18367312,0.41663494,dmn,asc2,#9467bd,#2ca02c,"rgba(148,103,189,0.2)","rgba(148,103,189,0.2)","rgba(148,103,189,0.2)","rgba(148,103,189,0.2)","rgba(148,103,189,1)","rgba(148,103,189,0.2)","rgba(148,103,189,0.2)","rgba(44,160,44,0.2)","rgba(44,160,44,0.2)","rgba(44,160,44,0.2)","rgba(44,160,44,0.2)","rgba(44,160,44,0.2)","rgba(44,160,44,0.2)","rgba(44,160,44,1)"
74,rostralmiddlefrontal_4 _R,760.5,1.16002603,0.44308209,fp,asc2,#d62728,#2ca02c,"rgba(214,39,40,0.2)","rgba(214,39,40,0.2)","rgba(214,39,40,0.2)","rgba(214,39,40,1)","rgba(214,39,40,0.2)","rgba(214,39,40,0.2)","rgba(214,39,40,0.2)","rgba(44,160,44,0.2)","rgba(44,160,44,0.2)","rgba(44,160,44,0.2)","rgba(44,160,44,0.2)","rgba(44,160,44,0.2)","rgba(44,160,44,0.2)","rgba(44,160,44,1)"
75,cuneus_2_R,760.5,1.15102466,0.39881315,vis,pss,#2ca02c,#d62728,"rgba(44,160,44,0.2)","rgba(44,160,44,0.2)","rgba(44,160,44,1)","rgba(44,160,44,0.2)","rgba(44,160,44,0.2)","rgba(44,160,44,0.2)","rgba(44,160,44,0.2)","rgba(214,39,40,0.2)","rgba(214,39,40,0.2)","rgba(214,39,40,0.2)","rgba(214,39,40,0.2)","rgba(214,39,40,1)","rgba(214,39,40,0.2)","rgba(214,39,40,0.2)"
76,parsopercularis_1_L,756.5,1.15785699,0.42807347,va,asc1,#ff7f0e,#ff7f0e,"rgba(255,127,14,0.2)","rgba(255,127,14,1)","rgba(255,127,14,0.2)","rgba(255,127,14,0.2)","rgba(255,127,14,0.2)","rgba(255,127,14,0.2)","rgba(255,127,14,0.2)","rgba(255,127,14,0.2)","rgba(255,127,14,0.2)","rgba(255,127,14,0.2)","rgba(255,127,14,0.2)","rgba(255,127,14,0.2)","rgba(255,127,14,1)","rgba(255,127,14,0.2)"
77,rostralanteriorcingulate_1_L,755,1.14595124,0.43172917,dmn,lim,#9467bd,#8c564b,"rgba(148,103,189,0.2)","rgba(148,103,189,0.2)","rgba(148,103,189,0.2)","rgba(148,103,189,0.2)","rgba(148,103,189,1)","rgba(148,103,189,0.2)","rgba(148,103,189,0.2)","rgba(140,86,75,0.2)","rgba(140,86,75,0.2)","rgba(140,86,75,1)","rgba(140,86,75,0.2)","rgba(140,86,75,0.2)","rgba(140,86,75,0.2)","rgba(140,86,75,0.2)"
78,insula_2_R,755,1.11489776,0.42334905,va,ins,#ff7f0e,#e377c2,"rgba(255,127,14,0.2)","rgba(255,127,14,1)","rgba(255,127,14,0.2)","rgba(255,127,14,0.2)","rgba(255,127,14,0.2)","rgba(255,127,14,0.2)","rgba(255,127,14,0.2)","rgba(227,119,194,0.2)","rgba(227,119,194,1)","rgba(227,119,194,0.2)","rgba(227,119,194,0.2)","rgba(227,119,194,0.2)","rgba(227,119,194,0.2)","rgba(227,119,194,0.2)"
79,precuneus_5_R,745,1.16880797,0.46741874,dmn,asc1,#9467bd,#ff7f0e,"rgba(148,103,189,0.2)","rgba(148,103,189,0.2)","rgba(148,103,189,0.2)","rgba(148,103,189,0.2)","rgba(148,103,189,1)","rgba(148,103,189,0.2)","rgba(148,103,189,0.2)","rgba(255,127,14,0.2)","rgba(255,127,14,0.2)","rgba(255,127,14,0.2)","rgba(255,127,14,0.2)","rgba(255,127,14,0.2)","rgba(255,127,14,1)","rgba(255,127,14,0.2)"
80,insula_3_R,741,1.09309855,0.40207173,va,ins,#ff7f0e,#e377c2,"rgba(255,127,14,0.2)","rgba(255,127,14,1)","rgba(255,127,14,0.2)","rgba(255,127,14,0.2)","rgba(255,127,14,0.2)","rgba(255,127,14,0.2)","rgba(255,127,14,0.2)","rgba(227,119,194,0.2)","rgba(227,119,194,1)","rgba(227,119,194,0.2)","rgba(227,119,194,0.2)","rgba(227,119,194,0.2)","rgba(227,119,194,0.2)","rgba(227,119,194,0.2)"
81,medialorbitofrontal_2_L,733.5,1.13020798,0.41909989,lim,pss,#8c564b,#d62728,"rgba(140,86,75,0.2)","rgba(140,86,75,0.2)","rgba(140,86,75,0.2)","rgba(140,86,75,0.2)","rgba(140,86,75,0.2)","rgba(140,86,75,1)","rgba(140,86,75,0.2)","rgba(214,39,40,0.2)","rgba(214,39,40,0.2)","rgba(214,39,40,0.2)","rgba(214,39,40,0.2)","rgba(214,39,40,1)","rgba(214,39,40,0.2)","rgba(214,39,40,0.2)"
82,parstriangularis_2_R,728.5,1.16151115,0.4151045,va,asc1,#ff7f0e,#ff7f0e,"rgba(255,127,14,0.2)","rgba(255,127,14,1)","rgba(255,127,14,0.2)","rgba(255,127,14,0.2)","rgba(255,127,14,0.2)","rgba(255,127,14,0.2)","rgba(255,127,14,0.2)","rgba(255,127,14,0.2)","rgba(255,127,14,0.2)","rgba(255,127,14,0.2)","rgba(255,127,14,0.2)","rgba(255,127,14,0.2)","rgba(255,127,14,1)","rgba(255,127,14,0.2)"
83,inferiorparietal_3_R,725.5,1.19286605,0.44083885,dmn,asc2,#9467bd,#2ca02c,"rgba(148,103,189,0.2)","rgba(148,103,189,0.2)","rgba(148,103,189,0.2)","rgba(148,103,189,0.2)","rgba(148,103,189,1)","rgba(148,103,189,0.2)","rgba(148,103,189,0.2)","rgba(44,160,44,0.2)","rgba(44,160,44,0.2)","rgba(44,160,44,0.2)","rgba(44,160,44,0.2)","rgba(44,160,44,0.2)","rgba(44,160,44,0.2)","rgba(44,160,44,1)"
84,precentral_5_L,724.5,1.1427001,0.45796119,sm,pm,#1f77b4,#1f77b4,"rgba(31,119,180,1)","rgba(31,119,180,0.2)","rgba(31,119,180,0.2)","rgba(31,119,180,0.2)","rgba(31,119,180,0.2)","rgba(31,119,180,0.2)","rgba(31,119,180,0.2)","rgba(31,119,180,1)","rgba(31,119,180,0.2)","rgba(31,119,180,0.2)","rgba(31,119,180,0.2)","rgba(31,119,180,0.2)","rgba(31,119,180,0.2)","rgba(31,119,180,0.2)"
85,supramarginal_2_R,715.5,1.1897761,0.42616868,va,asc2,#ff7f0e,#2ca02c,"rgba(255,127,14,0.2)","rgba(255,127,14,1)","rgba(255,127,14,0.2)","rgba(255,127,14,0.2)","rgba(255,127,14,0.2)","rgba(255,127,14,0.2)","rgba(255,127,14,0.2)","rgba(44,160,44,0.2)","rgba(44,160,44,0.2)","rgba(44,160,44,0.2)","rgba(44,160,44,0.2)","rgba(44,160,44,0.2)","rgba(44,160,44,0.2)","rgba(44,160,44,1)"
86,posteriorcingulate_1_L,715,1.14018147,0.44062783,va,lim,#ff7f0e,#8c564b,"rgba(255,127,14,0.2)","rgba(255,127,14,1)","rgba(255,127,14,0.2)","rgba(255,127,14,0.2)","rgba(255,127,14,0.2)","rgba(255,127,14,0.2)","rgba(255,127,14,0.2)","rgba(140,86,75,0.2)","rgba(140,86,75,0.2)","rgba(140,86,75,1)","rgba(140,86,75,0.2)","rgba(140,86,75,0.2)","rgba(140,86,75,0.2)","rgba(140,86,75,0.2)"
87,supramarginal_1_R,712.5,1.16966611,0.42215076,va,asc2,#ff7f0e,#2ca02c,"rgba(255,127,14,0.2)","rgba(255,127,14,1)","rgba(255,127,14,0.2)","rgba(255,127,14,0.2)","rgba(255,127,14,0.2)","rgba(255,127,14,0.2)","rgba(255,127,14,0.2)","rgba(44,160,44,0.2)","rgba(44,160,44,0.2)","rgba(44,160,44,0.2)","rgba(44,160,44,0.2)","rgba(44,160,44,0.2)","rgba(44,160,44,0.2)","rgba(44,160,44,1)"
88,inferiorparietal_4_R,711.5,1.18792914,0.42409144,dmn,asc2,#9467bd,#2ca02c,"rgba(148,103,189,0.2)","rgba(148,103,189,0.2)","rgba(148,103,189,0.2)","rgba(148,103,189,0.2)","rgba(148,103,189,1)","rgba(148,103,189,0.2)","rgba(148,103,189,0.2)","rgba(44,160,44,0.2)","rgba(44,160,44,0.2)","rgba(44,160,44,0.2)","rgba(44,160,44,0.2)","rgba(44,160,44,0.2)","rgba(44,160,44,0.2)","rgba(44,160,44,1)"
89,inferiorparietal_1_R,702.5,1.18334468,0.42859483,dmn,asc2,#9467bd,#2ca02c,"rgba(148,103,189,0.2)","rgba(148,103,189,0.2)","rgba(148,103,189,0.2)","rgba(148,103,189,0.2)","rgba(148,103,189,1)","rgba(148,103,189,0.2)","rgba(148,103,189,0.2)","rgba(44,160,44,0.2)","rgba(44,160,44,0.2)","rgba(44,160,44,0.2)","rgba(44,160,44,0.2)","rgba(44,160,44,0.2)","rgba(44,160,44,0.2)","rgba(44,160,44,1)"
90,supramarginal_2_L,689,1.15218515,0.40388317,va,asc2,#ff7f0e,#2ca02c,"rgba(255,127,14,0.2)","rgba(255,127,14,1)","rgba(255,127,14,0.2)","rgba(255,127,14,0.2)","rgba(255,127,14,0.2)","rgba(255,127,14,0.2)","rgba(255,127,14,0.2)","rgba(44,160,44,0.2)","rgba(44,160,44,0.2)","rgba(44,160,44,0.2)","rgba(44,160,44,0.2)","rgba(44,160,44,0.2)","rgba(44,160,44,0.2)","rgba(44,160,44,1)"
91,rostralanteriorcingulate_1_R,684,1.13546838,0.40920332,dmn,lim,#9467bd,#8c564b,"rgba(148,103,189,0.2)","rgba(148,103,189,0.2)","rgba(148,103,189,0.2)","rgba(148,103,189,0.2)","rgba(148,103,189,1)","rgba(148,103,189,0.2)","rgba(148,103,189,0.2)","rgba(140,86,75,0.2)","rgba(140,86,75,0.2)","rgba(140,86,75,1)","rgba(140,86,75,0.2)","rgba(140,86,75,0.2)","rgba(140,86,75,0.2)","rgba(140,86,75,0.2)"
92,caudalmiddlefrontal_2_L,679,1.1567325,0.42910277,dmn,asc1,#9467bd,#ff7f0e,"rgba(148,103,189,0.2)","rgba(148,103,189,0.2)","rgba(148,103,189,0.2)","rgba(148,103,189,0.2)","rgba(148,103,189,1)","rgba(148,103,189,0.2)","rgba(148,103,189,0.2)","rgba(255,127,14,0.2)","rgba(255,127,14,0.2)","rgba(255,127,14,0.2)","rgba(255,127,14,0.2)","rgba(255,127,14,0.2)","rgba(255,127,14,1)","rgba(255,127,14,0.2)"
93,precentral_2_L,665.5,1.11610869,0.46113326,sm,pm,#1f77b4,#1f77b4,"rgba(31,119,180,1)","rgba(31,119,180,0.2)","rgba(31,119,180,0.2)","rgba(31,119,180,0.2)","rgba(31,119,180,0.2)","rgba(31,119,180,0.2)","rgba(31,119,180,0.2)","rgba(31,119,180,1)","rgba(31,119,180,0.2)","rgba(31,119,180,0.2)","rgba(31,119,180,0.2)","rgba(31,119,180,0.2)","rgba(31,119,180,0.2)","rgba(31,119,180,0.2)"
94,superiorparietal_3_L,661,1.14504762,0.40347501,da,asc1,#e377c2,#ff7f0e,"rgba(227,119,194,0.2)","rgba(227,119,194,0.2)","rgba(227,119,194,0.2)","rgba(227,119,194,0.2)","rgba(227,119,194,0.2)","rgba(227,119,194,0.2)","rgba(227,119,194,1)","rgba(255,127,14,0.2)","rgba(255,127,14,0.2)","rgba(255,127,14,0.2)","rgba(255,127,14,0.2)","rgba(255,127,14,0.2)","rgba(255,127,14,1)","rgba(255,127,14,0.2)"
95,fusiform_3_R,659,1.18089778,0.38428727,sm,asc1,#1f77b4,#ff7f0e,"rgba(31,119,180,1)","rgba(31,119,180,0.2)","rgba(31,119,180,0.2)","rgba(31,119,180,0.2)","rgba(31,119,180,0.2)","rgba(31,119,180,0.2)","rgba(31,119,180,0.2)","rgba(255,127,14,0.2)","rgba(255,127,14,0.2)","rgba(255,127,14,0.2)","rgba(255,127,14,0.2)","rgba(255,127,14,0.2)","rgba(255,127,14,1)","rgba(255,127,14,0.2)"
96,superiorparietal_5_R,654.5,1.18579577,0.42834916,da,asc1,#e377c2,#ff7f0e,"rgba(227,119,194,0.2)","rgba(227,119,194,0.2)","rgba(227,119,194,0.2)","rgba(227,119,194,0.2)","rgba(227,119,194,0.2)","rgba(227,119,194,0.2)","rgba(227,119,194,1)","rgba(255,127,14,0.2)","rgba(255,127,14,0.2)","rgba(255,127,14,0.2)","rgba(255,127,14,0.2)","rgba(255,127,14,0.2)","rgba(255,127,14,1)","rgba(255,127,14,0.2)"
97,middletemporal_3_L,649,1.15802913,0.43124664,dmn,asc1,#9467bd,#ff7f0e,"rgba(148,103,189,0.2)","rgba(148,103,189,0.2)","rgba(148,103,189,0.2)","rgba(148,103,189,0.2)","rgba(148,103,189,1)","rgba(148,103,189,0.2)","rgba(148,103,189,0.2)","rgba(255,127,14,0.2)","rgba(255,127,14,0.2)","rgba(255,127,14,0.2)","rgba(255,127,14,0.2)","rgba(255,127,14,0.2)","rgba(255,127,14,1)","rgba(255,127,14,0.2)"
98,inferiorparietal_5_R,645,1.17849922,0.39884355,dmn,asc2,#9467bd,#2ca02c,"rgba(148,103,189,0.2)","rgba(148,103,189,0.2)","rgba(148,103,189,0.2)","rgba(148,103,189,0.2)","rgba(148,103,189,1)","rgba(148,103,189,0.2)","rgba(148,103,189,0.2)","rgba(44,160,44,0.2)","rgba(44,160,44,0.2)","rgba(44,160,44,0.2)","rgba(44,160,44,0.2)","rgba(44,160,44,0.2)","rgba(44,160,44,0.2)","rgba(44,160,44,1)"
99,paracentral_1_L,644.5,1.13861081,0.48115937,sm,pm,#1f77b4,#1f77b4,"rgba(31,119,180,1)","rgba(31,119,180,0.2)","rgba(31,119,180,0.2)","rgba(31,119,180,0.2)","rgba(31,119,180,0.2)","rgba(31,119,180,0.2)","rgba(31,119,180,0.2)","rgba(31,119,180,1)","rgba(31,119,180,0.2)","rgba(31,119,180,0.2)","rgba(31,119,180,0.2)","rgba(31,119,180,0.2)","rgba(31,119,180,0.2)","rgba(31,119,180,0.2)"
100,precentral_3_R,643,1.15213176,0.43490285,sm,pm,#1f77b4,#1f77b4,"rgba(31,119,180,1)","rgba(31,119,180,0.2)","rgba(31,119,180,0.2)","rgba(31,119,180,0.2)","rgba(31,119,180,0.2)","rgba(31,119,180,0.2)","rgba(31,119,180,0.2)","rgba(31,119,180,1)","rgba(31,119,180,0.2)","rgba(31,119,180,0.2)","rgba(31,119,180,0.2)","rgba(31,119,180,0.2)","rgba(31,119,180,0.2)","rgba(31,119,180,0.2)"
101,lingual_3_R,636.5,1.15349509,0.39596591,vis,pss,#2ca02c,#d62728,"rgba(44,160,44,0.2)","rgba(44,160,44,0.2)","rgba(44,160,44,1)","rgba(44,160,44,0.2)","rgba(44,160,44,0.2)","rgba(44,160,44,0.2)","rgba(44,160,44,0.2)","rgba(214,39,40,0.2)","rgba(214,39,40,0.2)","rgba(214,39,40,0.2)","rgba(214,39,40,0.2)","rgba(214,39,40,1)","rgba(214,39,40,0.2)","rgba(214,39,40,0.2)"
102,superiortemporal_3_L,628.5,1.15877263,0.40204212,sm,asc2,#1f77b4,#2ca02c,"rgba(31,119,180,1)","rgba(31,119,180,0.2)","rgba(31,119,180,0.2)","rgba(31,119,180,0.2)","rgba(31,119,180,0.2)","rgba(31,119,180,0.2)","rgba(31,119,180,0.2)","rgba(44,160,44,0.2)","rgba(44,160,44,0.2)","rgba(44,160,44,0.2)","rgba(44,160,44,0.2)","rgba(44,160,44,0.2)","rgba(44,160,44,0.2)","rgba(44,160,44,1)"
103,rostralmiddlefrontal_5 _R,628.5,1.1466562,0.40054647,fp,asc2,#d62728,#2ca02c,"rgba(214,39,40,0.2)","rgba(214,39,40,0.2)","rgba(214,39,40,0.2)","rgba(214,39,40,1)","rgba(214,39,40,0.2)","rgba(214,39,40,0.2)","rgba(214,39,40,0.2)","rgba(44,160,44,0.2)","rgba(44,160,44,0.2)","rgba(44,160,44,0.2)","rgba(44,160,44,0.2)","rgba(44,160,44,0.2)","rgba(44,160,44,0.2)","rgba(44,160,44,1)"
104,lateralorbitofrontal_2_R,627,1.12060578,0.3937038,lim,pss,#8c564b,#d62728,"rgba(140,86,75,0.2)","rgba(140,86,75,0.2)","rgba(140,86,75,0.2)","rgba(140,86,75,0.2)","rgba(140,86,75,0.2)","rgba(140,86,75,1)","rgba(140,86,75,0.2)","rgba(214,39,40,0.2)","rgba(214,39,40,0.2)","rgba(214,39,40,0.2)","rgba(214,39,40,0.2)","rgba(214,39,40,1)","rgba(214,39,40,0.2)","rgba(214,39,40,0.2)"
105,postcentral_3_L,626.5,1.12021177,0.40228313,sm,ps,#1f77b4,#9467bd,"rgba(31,119,180,1)","rgba(31,119,180,0.2)","rgba(31,119,180,0.2)","rgba(31,119,180,0.2)","rgba(31,119,180,0.2)","rgba(31,119,180,0.2)","rgba(31,119,180,0.2)","rgba(148,103,189,0.2)","rgba(148,103,189,0.2)","rgba(148,103,189,0.2)","rgba(148,103,189,1)","rgba(148,103,189,0.2)","rgba(148,103,189,0.2)","rgba(148,103,189,0.2)"
106,lateralorbitofrontal_1_L,625,1.14128252,0.368136,lim,pss,#8c564b,#d62728,"rgba(140,86,75,0.2)","rgba(140,86,75,0.2)","rgba(140,86,75,0.2)","rgba(140,86,75,0.2)","rgba(140,86,75,0.2)","rgba(140,86,75,1)","rgba(140,86,75,0.2)","rgba(214,39,40,0.2)","rgba(214,39,40,0.2)","rgba(214,39,40,0.2)","rgba(214,39,40,0.2)","rgba(214,39,40,1)","rgba(214,39,40,0.2)","rgba(214,39,40,0.2)"
107,postcentral_5_L,624,1.1271505,0.39274855,vis,ps,#2ca02c,#9467bd,"rgba(44,160,44,0.2)","rgba(44,160,44,0.2)","rgba(44,160,44,1)","rgba(44,160,44,0.2)","rgba(44,160,44,0.2)","rgba(44,160,44,0.2)","rgba(44,160,44,0.2)","rgba(148,103,189,0.2)","rgba(148,103,189,0.2)","rgba(148,103,189,0.2)","rgba(148,103,189,1)","rgba(148,103,189,0.2)","rgba(148,103,189,0.2)","rgba(148,103,189,0.2)"
108,precuneus_4_R,609.5,1.1817714,0.465475,dmn,asc1,#9467bd,#ff7f0e,"rgba(148,103,189,0.2)","rgba(148,103,189,0.2)","rgba(148,103,189,0.2)","rgba(148,103,189,0.2)","rgba(148,103,189,1)","rgba(148,103,189,0.2)","rgba(148,103,189,0.2)","rgba(255,127,14,0.2)","rgba(255,127,14,0.2)","rgba(255,127,14,0.2)","rgba(255,127,14,0.2)","rgba(255,127,14,0.2)","rgba(255,127,14,1)","rgba(255,127,14,0.2)"
109,rostralmiddlefrontal_3_L,604.5,1.16706837,0.40927144,fp,asc2,#d62728,#2ca02c,"rgba(214,39,40,0.2)","rgba(214,39,40,0.2)","rgba(214,39,40,0.2)","rgba(214,39,40,1)","rgba(214,39,40,0.2)","rgba(214,39,40,0.2)","rgba(214,39,40,0.2)","rgba(44,160,44,0.2)","rgba(44,160,44,0.2)","rgba(44,160,44,0.2)","rgba(44,160,44,0.2)","rgba(44,160,44,0.2)","rgba(44,160,44,0.2)","rgba(44,160,44,1)"
110,superiorfrontal_2_L,599.5,1.15016623,0.4493137,dmn,asc1,#9467bd,#ff7f0e,"rgba(148,103,189,0.2)","rgba(148,103,189,0.2)","rgba(148,103,189,0.2)","rgba(148,103,189,0.2)","rgba(148,103,189,1)","rgba(148,103,189,0.2)","rgba(148,103,189,0.2)","rgba(255,127,14,0.2)","rgba(255,127,14,0.2)","rgba(255,127,14,0.2)","rgba(255,127,14,0.2)","rgba(255,127,14,0.2)","rgba(255,127,14,1)","rgba(255,127,14,0.2)"
111,medialorbitofrontal_1_R,595,1.14040762,0.42590349,lim,pss,#8c564b,#d62728,"rgba(140,86,75,0.2)","rgba(140,86,75,0.2)","rgba(140,86,75,0.2)","rgba(140,86,75,0.2)","rgba(140,86,75,0.2)","rgba(140,86,75,1)","rgba(140,86,75,0.2)","rgba(214,39,40,0.2)","rgba(214,39,40,0.2)","rgba(214,39,40,0.2)","rgba(214,39,40,0.2)","rgba(214,39,40,1)","rgba(214,39,40,0.2)","rgba(214,39,40,0.2)"
112,parsopercularis_1_R,594.5,1.15280234,0.42898004,vis,pss,#2ca02c,#d62728,"rgba(44,160,44,0.2)","rgba(44,160,44,0.2)","rgba(44,160,44,1)","rgba(44,160,44,0.2)","rgba(44,160,44,0.2)","rgba(44,160,44,0.2)","rgba(44,160,44,0.2)","rgba(214,39,40,0.2)","rgba(214,39,40,0.2)","rgba(214,39,40,0.2)","rgba(214,39,40,0.2)","rgba(214,39,40,1)","rgba(214,39,40,0.2)","rgba(214,39,40,0.2)"
113,paracentral_3_R,593,1.14550213,0.41706235,sm,pm,#1f77b4,#1f77b4,"rgba(31,119,180,1)","rgba(31,119,180,0.2)","rgba(31,119,180,0.2)","rgba(31,119,180,0.2)","rgba(31,119,180,0.2)","rgba(31,119,180,0.2)","rgba(31,119,180,0.2)","rgba(31,119,180,1)","rgba(31,119,180,0.2)","rgba(31,119,180,0.2)","rgba(31,119,180,0.2)","rgba(31,119,180,0.2)","rgba(31,119,180,0.2)","rgba(31,119,180,0.2)"
114,postcentral_4_L,591.5,1.10465075,0.41202809,sm,ps,#1f77b4,#9467bd,"rgba(31,119,180,1)","rgba(31,119,180,0.2)","rgba(31,119,180,0.2)","rgba(31,119,180,0.2)","rgba(31,119,180,0.2)","rgba(31,119,180,0.2)","rgba(31,119,180,0.2)","rgba(148,103,189,0.2)","rgba(148,103,189,0.2)","rgba(148,103,189,0.2)","rgba(148,103,189,1)","rgba(148,103,189,0.2)","rgba(148,103,189,0.2)","rgba(148,103,189,0.2)"
115,caudalanteriorcingulate_1_R,580,1.13571041,0.42336034,va,lim,#ff7f0e,#8c564b,"rgba(255,127,14,0.2)","rgba(255,127,14,1)","rgba(255,127,14,0.2)","rgba(255,127,14,0.2)","rgba(255,127,14,0.2)","rgba(255,127,14,0.2)","rgba(255,127,14,0.2)","rgba(140,86,75,0.2)","rgba(140,86,75,0.2)","rgba(140,86,75,1)","rgba(140,86,75,0.2)","rgba(140,86,75,0.2)","rgba(140,86,75,0.2)","rgba(140,86,75,0.2)"
116,precentral_1_L,578.5,1.12434373,0.48225282,sm,pm,#1f77b4,#1f77b4,"rgba(31,119,180,1)","rgba(31,119,180,0.2)","rgba(31,119,180,0.2)","rgba(31,119,180,0.2)","rgba(31,119,180,0.2)","rgba(31,119,180,0.2)","rgba(31,119,180,0.2)","rgba(31,119,180,1)","rgba(31,119,180,0.2)","rgba(31,119,180,0.2)","rgba(31,119,180,0.2)","rgba(31,119,180,0.2)","rgba(31,119,180,0.2)","rgba(31,119,180,0.2)"
117,caudalanteriorcingulate_1_L,573,1.13551498,0.43477979,va,asc1,#ff7f0e,#ff7f0e,"rgba(255,127,14,0.2)","rgba(255,127,14,1)","rgba(255,127,14,0.2)","rgba(255,127,14,0.2)","rgba(255,127,14,0.2)","rgba(255,127,14,0.2)","rgba(255,127,14,0.2)","rgba(255,127,14,0.2)","rgba(255,127,14,0.2)","rgba(255,127,14,0.2)","rgba(255,127,14,0.2)","rgba(255,127,14,0.2)","rgba(255,127,14,1)","rgba(255,127,14,0.2)"
118,posteriorcingulate_2_R,568.5,1.15473095,0.42445329,va,lim,#ff7f0e,#8c564b,"rgba(255,127,14,0.2)","rgba(255,127,14,1)","rgba(255,127,14,0.2)","rgba(255,127,14,0.2)","rgba(255,127,14,0.2)","rgba(255,127,14,0.2)","rgba(255,127,14,0.2)","rgba(140,86,75,0.2)","rgba(140,86,75,0.2)","rgba(140,86,75,1)","rgba(140,86,75,0.2)","rgba(140,86,75,0.2)","rgba(140,86,75,0.2)","rgba(140,86,75,0.2)"
119,lateraloccipital_3_R,567,1.1571869,0.35753044,dmn,asc1,#9467bd,#ff7f0e,"rgba(148,103,189,0.2)","rgba(148,103,189,0.2)","rgba(148,103,189,0.2)","rgba(148,103,189,0.2)","rgba(148,103,189,1)","rgba(148,103,189,0.2)","rgba(148,103,189,0.2)","rgba(255,127,14,0.2)","rgba(255,127,14,0.2)","rgba(255,127,14,0.2)","rgba(255,127,14,0.2)","rgba(255,127,14,0.2)","rgba(255,127,14,1)","rgba(255,127,14,0.2)"
120,lingual_1_L,566,1.13054084,0.40085726,va,asc1,#ff7f0e,#ff7f0e,"rgba(255,127,14,0.2)","rgba(255,127,14,1)","rgba(255,127,14,0.2)","rgba(255,127,14,0.2)","rgba(255,127,14,0.2)","rgba(255,127,14,0.2)","rgba(255,127,14,0.2)","rgba(255,127,14,0.2)","rgba(255,127,14,0.2)","rgba(255,127,14,0.2)","rgba(255,127,14,0.2)","rgba(255,127,14,0.2)","rgba(255,127,14,1)","rgba(255,127,14,0.2)"
121,superiorparietal_3_R,562.5,1.18548542,0.44680803,da,asc1,#e377c2,#ff7f0e,"rgba(227,119,194,0.2)","rgba(227,119,194,0.2)","rgba(227,119,194,0.2)","rgba(227,119,194,0.2)","rgba(227,119,194,0.2)","rgba(227,119,194,0.2)","rgba(227,119,194,1)","rgba(255,127,14,0.2)","rgba(255,127,14,0.2)","rgba(255,127,14,0.2)","rgba(255,127,14,0.2)","rgba(255,127,14,0.2)","rgba(255,127,14,1)","rgba(255,127,14,0.2)"
122,superiorparietal_1_L,559,1.16175979,0.50700657,da,asc1,#e377c2,#ff7f0e,"rgba(227,119,194,0.2)","rgba(227,119,194,0.2)","rgba(227,119,194,0.2)","rgba(227,119,194,0.2)","rgba(227,119,194,0.2)","rgba(227,119,194,0.2)","rgba(227,119,194,1)","rgba(255,127,14,0.2)","rgba(255,127,14,0.2)","rgba(255,127,14,0.2)","rgba(255,127,14,0.2)","rgba(255,127,14,0.2)","rgba(255,127,14,1)","rgba(255,127,14,0.2)"
123,fusiform_2_L,554.5,1.1424591,0.38708733,vis,asc1,#2ca02c,#ff7f0e,"rgba(44,160,44,0.2)","rgba(44,160,44,0.2)","rgba(44,160,44,1)","rgba(44,160,44,0.2)","rgba(44,160,44,0.2)","rgba(44,160,44,0.2)","rgba(44,160,44,0.2)","rgba(255,127,14,0.2)","rgba(255,127,14,0.2)","rgba(255,127,14,0.2)","rgba(255,127,14,0.2)","rgba(255,127,14,0.2)","rgba(255,127,14,1)","rgba(255,127,14,0.2)"
124,parsorbitalis_1_R,547.5,1.15009141,0.39515654,dmn,pss,#9467bd,#d62728,"rgba(148,103,189,0.2)","rgba(148,103,189,0.2)","rgba(148,103,189,0.2)","rgba(148,103,189,0.2)","rgba(148,103,189,1)","rgba(148,103,189,0.2)","rgba(148,103,189,0.2)","rgba(214,39,40,0.2)","rgba(214,39,40,0.2)","rgba(214,39,40,0.2)","rgba(214,39,40,0.2)","rgba(214,39,40,1)","rgba(214,39,40,0.2)","rgba(214,39,40,0.2)"
125,lingual_1_R,547,1.1572084,0.37742598,vis,pss,#2ca02c,#d62728,"rgba(44,160,44,0.2)","rgba(44,160,44,0.2)","rgba(44,160,44,1)","rgba(44,160,44,0.2)","rgba(44,160,44,0.2)","rgba(44,160,44,0.2)","rgba(44,160,44,0.2)","rgba(214,39,40,0.2)","rgba(214,39,40,0.2)","rgba(214,39,40,0.2)","rgba(214,39,40,0.2)","rgba(214,39,40,1)","rgba(214,39,40,0.2)","rgba(214,39,40,0.2)"
126,fusiform_2_R,540.5,1.17374312,0.37205371,vis,asc1,#2ca02c,#ff7f0e,"rgba(44,160,44,0.2)","rgba(44,160,44,0.2)","rgba(44,160,44,1)","rgba(44,160,44,0.2)","rgba(44,160,44,0.2)","rgba(44,160,44,0.2)","rgba(44,160,44,0.2)","rgba(255,127,14,0.2)","rgba(255,127,14,0.2)","rgba(255,127,14,0.2)","rgba(255,127,14,0.2)","rgba(255,127,14,0.2)","rgba(255,127,14,1)","rgba(255,127,14,0.2)"
127,precuneus_2_L,538.5,1.1549892,0.44455089,vis,pss,#2ca02c,#d62728,"rgba(44,160,44,0.2)","rgba(44,160,44,0.2)","rgba(44,160,44,1)","rgba(44,160,44,0.2)","rgba(44,160,44,0.2)","rgba(44,160,44,0.2)","rgba(44,160,44,0.2)","rgba(214,39,40,0.2)","rgba(214,39,40,0.2)","rgba(214,39,40,0.2)","rgba(214,39,40,0.2)","rgba(214,39,40,1)","rgba(214,39,40,0.2)","rgba(214,39,40,0.2)"
128,fusiform_1_R,538,1.1713753,0.35509985,vis,asc1,#2ca02c,#ff7f0e,"rgba(44,160,44,0.2)","rgba(44,160,44,0.2)","rgba(44,160,44,1)","rgba(44,160,44,0.2)","rgba(44,160,44,0.2)","rgba(44,160,44,0.2)","rgba(44,160,44,0.2)","rgba(255,127,14,0.2)","rgba(255,127,14,0.2)","rgba(255,127,14,0.2)","rgba(255,127,14,0.2)","rgba(255,127,14,0.2)","rgba(255,127,14,1)","rgba(255,127,14,0.2)"
129,fusiform_1_L,537.5,1.13408528,0.35711087,vis,asc1,#2ca02c,#ff7f0e,"rgba(44,160,44,0.2)","rgba(44,160,44,0.2)","rgba(44,160,44,1)","rgba(44,160,44,0.2)","rgba(44,160,44,0.2)","rgba(44,160,44,0.2)","rgba(44,160,44,0.2)","rgba(255,127,14,0.2)","rgba(255,127,14,0.2)","rgba(255,127,14,0.2)","rgba(255,127,14,0.2)","rgba(255,127,14,0.2)","rgba(255,127,14,1)","rgba(255,127,14,0.2)"
130,lateraloccipital_3_L,535.5,1.14054062,0.37518034,vis,pss,#2ca02c,#d62728,"rgba(44,160,44,0.2)","rgba(44,160,44,0.2)","rgba(44,160,44,1)","rgba(44,160,44,0.2)","rgba(44,160,44,0.2)","rgba(44,160,44,0.2)","rgba(44,160,44,0.2)","rgba(214,39,40,0.2)","rgba(214,39,40,0.2)","rgba(214,39,40,0.2)","rgba(214,39,40,0.2)","rgba(214,39,40,1)","rgba(214,39,40,0.2)","rgba(214,39,40,0.2)"
131,middletemporal_4_R,532.5,1.1678825,0.4200924,dmn,asc1,#9467bd,#ff7f0e,"rgba(148,103,189,0.2)","rgba(148,103,189,0.2)","rgba(148,103,189,0.2)","rgba(148,103,189,0.2)","rgba(148,103,189,1)","rgba(148,103,189,0.2)","rgba(148,103,189,0.2)","rgba(255,127,14,0.2)","rgba(255,127,14,0.2)","rgba(255,127,14,0.2)","rgba(255,127,14,0.2)","rgba(255,127,14,0.2)","rgba(255,127,14,1)","rgba(255,127,14,0.2)"
132,postcentral_7_L,529.5,1.12678949,0.37591331,sm,ps,#1f77b4,#9467bd,"rgba(31,119,180,1)","rgba(31,119,180,0.2)","rgba(31,119,180,0.2)","rgba(31,119,180,0.2)","rgba(31,119,180,0.2)","rgba(31,119,180,0.2)","rgba(31,119,180,0.2)","rgba(148,103,189,0.2)","rgba(148,103,189,0.2)","rgba(148,103,189,0.2)","rgba(148,103,189,1)","rgba(148,103,189,0.2)","rgba(148,103,189,0.2)","rgba(148,103,189,0.2)"
133,superiortemporal_5_L,527.5,1.10769284,0.45763525,sm,asc2,#1f77b4,#2ca02c,"rgba(31,119,180,1)","rgba(31,119,180,0.2)","rgba(31,119,180,0.2)","rgba(31,119,180,0.2)","rgba(31,119,180,0.2)","rgba(31,119,180,0.2)","rgba(31,119,180,0.2)","rgba(44,160,44,0.2)","rgba(44,160,44,0.2)","rgba(44,160,44,0.2)","rgba(44,160,44,0.2)","rgba(44,160,44,0.2)","rgba(44,160,44,0.2)","rgba(44,160,44,1)"
134,pericalcarine_1_R,526.5,1.13465321,0.38478087,vis,ps,#2ca02c,#9467bd,"rgba(44,160,44,0.2)","rgba(44,160,44,0.2)","rgba(44,160,44,1)","rgba(44,160,44,0.2)","rgba(44,160,44,0.2)","rgba(44,160,44,0.2)","rgba(44,160,44,0.2)","rgba(148,103,189,0.2)","rgba(148,103,189,0.2)","rgba(148,103,189,0.2)","rgba(148,103,189,1)","rgba(148,103,189,0.2)","rgba(148,103,189,0.2)","rgba(148,103,189,0.2)"
135,precentral_1_R,526,1.14451701,0.42287376,sm,pm,#1f77b4,#1f77b4,"rgba(31,119,180,1)","rgba(31,119,180,0.2)","rgba(31,119,180,0.2)","rgba(31,119,180,0.2)","rgba(31,119,180,0.2)","rgba(31,119,180,0.2)","rgba(31,119,180,0.2)","rgba(31,119,180,1)","rgba(31,119,180,0.2)","rgba(31,119,180,0.2)","rgba(31,119,180,0.2)","rgba(31,119,180,0.2)","rgba(31,119,180,0.2)","rgba(31,119,180,0.2)"
136,superiorfrontal_4_L,523,1.15219828,0.45003985,dmn,asc1,#9467bd,#ff7f0e,"rgba(148,103,189,0.2)","rgba(148,103,189,0.2)","rgba(148,103,189,0.2)","rgba(148,103,189,0.2)","rgba(148,103,189,1)","rgba(148,103,189,0.2)","rgba(148,103,189,0.2)","rgba(255,127,14,0.2)","rgba(255,127,14,0.2)","rgba(255,127,14,0.2)","rgba(255,127,14,0.2)","rgba(255,127,14,0.2)","rgba(255,127,14,1)","rgba(255,127,14,0.2)"
137,superiorparietal_6_R,515,1.18220911,0.40390817,da,asc1,#e377c2,#ff7f0e,"rgba(227,119,194,0.2)","rgba(227,119,194,0.2)","rgba(227,119,194,0.2)","rgba(227,119,194,0.2)","rgba(227,119,194,0.2)","rgba(227,119,194,0.2)","rgba(227,119,194,1)","rgba(255,127,14,0.2)","rgba(255,127,14,0.2)","rgba(255,127,14,0.2)","rgba(255,127,14,0.2)","rgba(255,127,14,0.2)","rgba(255,127,14,1)","rgba(255,127,14,0.2)"
138,fusiform_4_L,514,1.12307652,0.42099081,vis,lim,#2ca02c,#8c564b,"rgba(44,160,44,0.2)","rgba(44,160,44,0.2)","rgba(44,160,44,1)","rgba(44,160,44,0.2)","rgba(44,160,44,0.2)","rgba(44,160,44,0.2)","rgba(44,160,44,0.2)","rgba(140,86,75,0.2)","rgba(140,86,75,0.2)","rgba(140,86,75,1)","rgba(140,86,75,0.2)","rgba(140,86,75,0.2)","rgba(140,86,75,0.2)","rgba(140,86,75,0.2)"
139,precuneus_3_L,512,1.16318242,0.46524681,dmn,asc1,#9467bd,#ff7f0e,"rgba(148,103,189,0.2)","rgba(148,103,189,0.2)","rgba(148,103,189,0.2)","rgba(148,103,189,0.2)","rgba(148,103,189,1)","rgba(148,103,189,0.2)","rgba(148,103,189,0.2)","rgba(255,127,14,0.2)","rgba(255,127,14,0.2)","rgba(255,127,14,0.2)","rgba(255,127,14,0.2)","rgba(255,127,14,0.2)","rgba(255,127,14,1)","rgba(255,127,14,0.2)"
140,supramarginal_4_R,501,1.14612546,0.36299877,va,asc2,#ff7f0e,#2ca02c,"rgba(255,127,14,0.2)","rgba(255,127,14,1)","rgba(255,127,14,0.2)","rgba(255,127,14,0.2)","rgba(255,127,14,0.2)","rgba(255,127,14,0.2)","rgba(255,127,14,0.2)","rgba(44,160,44,0.2)","rgba(44,160,44,0.2)","rgba(44,160,44,0.2)","rgba(44,160,44,0.2)","rgba(44,160,44,0.2)","rgba(44,160,44,0.2)","rgba(44,160,44,1)"
141,rostralmiddlefrontal_6_L,500,1.17692433,0.39902872,fp,asc2,#d62728,#2ca02c,"rgba(214,39,40,0.2)","rgba(214,39,40,0.2)","rgba(214,39,40,0.2)","rgba(214,39,40,1)","rgba(214,39,40,0.2)","rgba(214,39,40,0.2)","rgba(214,39,40,0.2)","rgba(44,160,44,0.2)","rgba(44,160,44,0.2)","rgba(44,160,44,0.2)","rgba(44,160,44,0.2)","rgba(44,160,44,0.2)","rgba(44,160,44,0.2)","rgba(44,160,44,1)"
142,fusiform_4_R,493.5,1.16711808,0.40695241,vis,asc1,#2ca02c,#ff7f0e,"rgba(44,160,44,0.2)","rgba(44,160,44,0.2)","rgba(44,160,44,1)","rgba(44,160,44,0.2)","rgba(44,160,44,0.2)","rgba(44,160,44,0.2)","rgba(44,160,44,0.2)","rgba(255,127,14,0.2)","rgba(255,127,14,0.2)","rgba(255,127,14,0.2)","rgba(255,127,14,0.2)","rgba(255,127,14,0.2)","rgba(255,127,14,1)","rgba(255,127,14,0.2)"
143,superiortemporal_3_R,493,1.16734553,0.40471876,sm,asc2,#1f77b4,#2ca02c,"rgba(31,119,180,1)","rgba(31,119,180,0.2)","rgba(31,119,180,0.2)","rgba(31,119,180,0.2)","rgba(31,119,180,0.2)","rgba(31,119,180,0.2)","rgba(31,119,180,0.2)","rgba(44,160,44,0.2)","rgba(44,160,44,0.2)","rgba(44,160,44,0.2)","rgba(44,160,44,0.2)","rgba(44,160,44,0.2)","rgba(44,160,44,0.2)","rgba(44,160,44,1)"
144,postcentral_2_R,488.5,1.14924803,0.39758561,sm,ps,#1f77b4,#9467bd,"rgba(31,119,180,1)","rgba(31,119,180,0.2)","rgba(31,119,180,0.2)","rgba(31,119,180,0.2)","rgba(31,119,180,0.2)","rgba(31,119,180,0.2)","rgba(31,119,180,0.2)","rgba(148,103,189,0.2)","rgba(148,103,189,0.2)","rgba(148,103,189,0.2)","rgba(148,103,189,1)","rgba(148,103,189,0.2)","rgba(148,103,189,0.2)","rgba(148,103,189,0.2)"
145,precuneus_5_L,487.5,1.13601453,0.42167549,dmn,asc1,#9467bd,#ff7f0e,"rgba(148,103,189,0.2)","rgba(148,103,189,0.2)","rgba(148,103,189,0.2)","rgba(148,103,189,0.2)","rgba(148,103,189,1)","rgba(148,103,189,0.2)","rgba(148,103,189,0.2)","rgba(255,127,14,0.2)","rgba(255,127,14,0.2)","rgba(255,127,14,0.2)","rgba(255,127,14,0.2)","rgba(255,127,14,0.2)","rgba(255,127,14,1)","rgba(255,127,14,0.2)"
146,rostralmiddlefrontal_6_R,486.5,1.15420987,0.38636509,fp,asc2,#d62728,#2ca02c,"rgba(214,39,40,0.2)","rgba(214,39,40,0.2)","rgba(214,39,40,0.2)","rgba(214,39,40,1)","rgba(214,39,40,0.2)","rgba(214,39,40,0.2)","rgba(214,39,40,0.2)","rgba(44,160,44,0.2)","rgba(44,160,44,0.2)","rgba(44,160,44,0.2)","rgba(44,160,44,0.2)","rgba(44,160,44,0.2)","rgba(44,160,44,0.2)","rgba(44,160,44,1)"
147,lateralorbitofrontal_2_L,486,1.12363868,0.38865602,lim,pss,#8c564b,#d62728,"rgba(140,86,75,0.2)","rgba(140,86,75,0.2)","rgba(140,86,75,0.2)","rgba(140,86,75,0.2)","rgba(140,86,75,0.2)","rgba(140,86,75,1)","rgba(140,86,75,0.2)","rgba(214,39,40,0.2)","rgba(214,39,40,0.2)","rgba(214,39,40,0.2)","rgba(214,39,40,0.2)","rgba(214,39,40,1)","rgba(214,39,40,0.2)","rgba(214,39,40,0.2)"
148,middletemporal_2_L,484.5,1.17125486,0.45607852,dmn,asc1,#9467bd,#ff7f0e,"rgba(148,103,189,0.2)","rgba(148,103,189,0.2)","rgba(148,103,189,0.2)","rgba(148,103,189,0.2)","rgba(148,103,189,1)","rgba(148,103,189,0.2)","rgba(148,103,189,0.2)","rgba(255,127,14,0.2)","rgba(255,127,14,0.2)","rgba(255,127,14,0.2)","rgba(255,127,14,0.2)","rgba(255,127,14,0.2)","rgba(255,127,14,1)","rgba(255,127,14,0.2)"
149,precuneus_1_L,477,1.16644844,0.5008873,dmn,asc1,#9467bd,#ff7f0e,"rgba(148,103,189,0.2)","rgba(148,103,189,0.2)","rgba(148,103,189,0.2)","rgba(148,103,189,0.2)","rgba(148,103,189,1)","rgba(148,103,189,0.2)","rgba(148,103,189,0.2)","rgba(255,127,14,0.2)","rgba(255,127,14,0.2)","rgba(255,127,14,0.2)","rgba(255,127,14,0.2)","rgba(255,127,14,0.2)","rgba(255,127,14,1)","rgba(255,127,14,0.2)"
150,medialorbitofrontal_1_L,467,1.15297628,0.4262211,lim,pss,#8c564b,#d62728,"rgba(140,86,75,0.2)","rgba(140,86,75,0.2)","rgba(140,86,75,0.2)","rgba(140,86,75,0.2)","rgba(140,86,75,0.2)","rgba(140,86,75,1)","rgba(140,86,75,0.2)","rgba(214,39,40,0.2)","rgba(214,39,40,0.2)","rgba(214,39,40,0.2)","rgba(214,39,40,0.2)","rgba(214,39,40,1)","rgba(214,39,40,0.2)","rgba(214,39,40,0.2)"
151,inferiorparietal_3_L,467,1.1499668,0.40896367,dmn,asc2,#9467bd,#2ca02c,"rgba(148,103,189,0.2)","rgba(148,103,189,0.2)","rgba(148,103,189,0.2)","rgba(148,103,189,0.2)","rgba(148,103,189,1)","rgba(148,103,189,0.2)","rgba(148,103,189,0.2)","rgba(44,160,44,0.2)","rgba(44,160,44,0.2)","rgba(44,160,44,0.2)","rgba(44,160,44,0.2)","rgba(44,160,44,0.2)","rgba(44,160,44,0.2)","rgba(44,160,44,1)"
152,cuneus_1_R,464,1.15517079,0.38824498,vis,pss,#2ca02c,#d62728,"rgba(44,160,44,0.2)","rgba(44,160,44,0.2)","rgba(44,160,44,1)","rgba(44,160,44,0.2)","rgba(44,160,44,0.2)","rgba(44,160,44,0.2)","rgba(44,160,44,0.2)","rgba(214,39,40,0.2)","rgba(214,39,40,0.2)","rgba(214,39,40,0.2)","rgba(214,39,40,0.2)","rgba(214,39,40,1)","rgba(214,39,40,0.2)","rgba(214,39,40,0.2)"
153,postcentral_1_L,463.5,1.13971694,0.46942075,sm,ps,#1f77b4,#9467bd,"rgba(31,119,180,1)","rgba(31,119,180,0.2)","rgba(31,119,180,0.2)","rgba(31,119,180,0.2)","rgba(31,119,180,0.2)","rgba(31,119,180,0.2)","rgba(31,119,180,0.2)","rgba(148,103,189,0.2)","rgba(148,103,189,0.2)","rgba(148,103,189,0.2)","rgba(148,103,189,1)","rgba(148,103,189,0.2)","rgba(148,103,189,0.2)","rgba(148,103,189,0.2)"
154,inferiortemporal_3_L,460.5,1.13249149,0.41820162,lim,asc1,#8c564b,#ff7f0e,"rgba(140,86,75,0.2)","rgba(140,86,75,0.2)","rgba(140,86,75,0.2)","rgba(140,86,75,0.2)","rgba(140,86,75,0.2)","rgba(140,86,75,1)","rgba(140,86,75,0.2)","rgba(255,127,14,0.2)","rgba(255,127,14,0.2)","rgba(255,127,14,0.2)","rgba(255,127,14,0.2)","rgba(255,127,14,0.2)","rgba(255,127,14,1)","rgba(255,127,14,0.2)"
155,paracentral_1_R,457.5,1.14817975,0.46612236,sm,pm,#1f77b4,#1f77b4,"rgba(31,119,180,1)","rgba(31,119,180,0.2)","rgba(31,119,180,0.2)","rgba(31,119,180,0.2)","rgba(31,119,180,0.2)","rgba(31,119,180,0.2)","rgba(31,119,180,0.2)","rgba(31,119,180,1)","rgba(31,119,180,0.2)","rgba(31,119,180,0.2)","rgba(31,119,180,0.2)","rgba(31,119,180,0.2)","rgba(31,119,180,0.2)","rgba(31,119,180,0.2)"
156,precuneus_4_L,446.5,1.15671286,0.42767476,dmn,asc1,#9467bd,#ff7f0e,"rgba(148,103,189,0.2)","rgba(148,103,189,0.2)","rgba(148,103,189,0.2)","rgba(148,103,189,0.2)","rgba(148,103,189,1)","rgba(148,103,189,0.2)","rgba(148,103,189,0.2)","rgba(255,127,14,0.2)","rgba(255,127,14,0.2)","rgba(255,127,14,0.2)","rgba(255,127,14,0.2)","rgba(255,127,14,0.2)","rgba(255,127,14,1)","rgba(255,127,14,0.2)"
157,lateralorbitofrontal_4_L,443,1.16628163,0.41414307,lim,pss,#8c564b,#d62728,"rgba(140,86,75,0.2)","rgba(140,86,75,0.2)","rgba(140,86,75,0.2)","rgba(140,86,75,0.2)","rgba(140,86,75,0.2)","rgba(140,86,75,1)","rgba(140,86,75,0.2)","rgba(214,39,40,0.2)","rgba(214,39,40,0.2)","rgba(214,39,40,0.2)","rgba(214,39,40,0.2)","rgba(214,39,40,1)","rgba(214,39,40,0.2)","rgba(214,39,40,0.2)"
158,superiortemporal_1_L,441,1.15003732,0.40622484,sm,asc2,#1f77b4,#2ca02c,"rgba(31,119,180,1)","rgba(31,119,180,0.2)","rgba(31,119,180,0.2)","rgba(31,119,180,0.2)","rgba(31,119,180,0.2)","rgba(31,119,180,0.2)","rgba(31,119,180,0.2)","rgba(44,160,44,0.2)","rgba(44,160,44,0.2)","rgba(44,160,44,0.2)","rgba(44,160,44,0.2)","rgba(44,160,44,0.2)","rgba(44,160,44,0.2)","rgba(44,160,44,1)"
159,inferiortemporal_1_R,440,1.16150533,0.41182968,lim,asc1,#8c564b,#ff7f0e,"rgba(140,86,75,0.2)","rgba(140,86,75,0.2)","rgba(140,86,75,0.2)","rgba(140,86,75,0.2)","rgba(140,86,75,0.2)","rgba(140,86,75,1)","rgba(140,86,75,0.2)","rgba(255,127,14,0.2)","rgba(255,127,14,0.2)","rgba(255,127,14,0.2)","rgba(255,127,14,0.2)","rgba(255,127,14,0.2)","rgba(255,127,14,1)","rgba(255,127,14,0.2)"
160,insula_1_L,438,1.11185727,0.38677852,va,ins,#ff7f0e,#e377c2,"rgba(255,127,14,0.2)","rgba(255,127,14,1)","rgba(255,127,14,0.2)","rgba(255,127,14,0.2)","rgba(255,127,14,0.2)","rgba(255,127,14,0.2)","rgba(255,127,14,0.2)","rgba(227,119,194,0.2)","rgba(227,119,194,1)","rgba(227,119,194,0.2)","rgba(227,119,194,0.2)","rgba(227,119,194,0.2)","rgba(227,119,194,0.2)","rgba(227,119,194,0.2)"
161,posteriorcingulate_1_R,436.5,1.13491537,0.41858237,va,lim,#ff7f0e,#8c564b,"rgba(255,127,14,0.2)","rgba(255,127,14,1)","rgba(255,127,14,0.2)","rgba(255,127,14,0.2)","rgba(255,127,14,0.2)","rgba(255,127,14,0.2)","rgba(255,127,14,0.2)","rgba(140,86,75,0.2)","rgba(140,86,75,0.2)","rgba(140,86,75,1)","rgba(140,86,75,0.2)","rgba(140,86,75,0.2)","rgba(140,86,75,0.2)","rgba(140,86,75,0.2)"
162,middletemporal_4_L,431.5,1.1487707,0.42834191,dmn,asc1,#9467bd,#ff7f0e,"rgba(148,103,189,0.2)","rgba(148,103,189,0.2)","rgba(148,103,189,0.2)","rgba(148,103,189,0.2)","rgba(148,103,189,1)","rgba(148,103,189,0.2)","rgba(148,103,189,0.2)","rgba(255,127,14,0.2)","rgba(255,127,14,0.2)","rgba(255,127,14,0.2)","rgba(255,127,14,0.2)","rgba(255,127,14,0.2)","rgba(255,127,14,1)","rgba(255,127,14,0.2)"
163,superiortemporal_4_L,430,1.13368436,0.4093704,sm,asc2,#1f77b4,#2ca02c,"rgba(31,119,180,1)","rgba(31,119,180,0.2)","rgba(31,119,180,0.2)","rgba(31,119,180,0.2)","rgba(31,119,180,0.2)","rgba(31,119,180,0.2)","rgba(31,119,180,0.2)","rgba(44,160,44,0.2)","rgba(44,160,44,0.2)","rgba(44,160,44,0.2)","rgba(44,160,44,0.2)","rgba(44,160,44,0.2)","rgba(44,160,44,0.2)","rgba(44,160,44,1)"
164,superiorparietal_6_L,430,1.13187721,0.38338057,da,asc1,#e377c2,#ff7f0e,"rgba(227,119,194,0.2)","rgba(227,119,194,0.2)","rgba(227,119,194,0.2)","rgba(227,119,194,0.2)","rgba(227,119,194,0.2)","rgba(227,119,194,0.2)","rgba(227,119,194,1)","rgba(255,127,14,0.2)","rgba(255,127,14,0.2)","rgba(255,127,14,0.2)","rgba(255,127,14,0.2)","rgba(255,127,14,0.2)","rgba(255,127,14,1)","rgba(255,127,14,0.2)"
165,fusiform_3_L,428,1.13046423,0.37834762,vis,asc1,#2ca02c,#ff7f0e,"rgba(44,160,44,0.2)","rgba(44,160,44,0.2)","rgba(44,160,44,1)","rgba(44,160,44,0.2)","rgba(44,160,44,0.2)","rgba(44,160,44,0.2)","rgba(44,160,44,0.2)","rgba(255,127,14,0.2)","rgba(255,127,14,0.2)","rgba(255,127,14,0.2)","rgba(255,127,14,0.2)","rgba(255,127,14,0.2)","rgba(255,127,14,1)","rgba(255,127,14,0.2)"
166,superiorparietal_2_R,425.5,1.17258388,0.50706217,da,asc1,#e377c2,#ff7f0e,"rgba(227,119,194,0.2)","rgba(227,119,194,0.2)","rgba(227,119,194,0.2)","rgba(227,119,194,0.2)","rgba(227,119,194,0.2)","rgba(227,119,194,0.2)","rgba(227,119,194,1)","rgba(255,127,14,0.2)","rgba(255,127,14,0.2)","rgba(255,127,14,0.2)","rgba(255,127,14,0.2)","rgba(255,127,14,0.2)","rgba(255,127,14,1)","rgba(255,127,14,0.2)"
167,lingual_2_R,420.5,1.14296661,0.35060485,vis,pss,#2ca02c,#d62728,"rgba(44,160,44,0.2)","rgba(44,160,44,0.2)","rgba(44,160,44,1)","rgba(44,160,44,0.2)","rgba(44,160,44,0.2)","rgba(44,160,44,0.2)","rgba(44,160,44,0.2)","rgba(214,39,40,0.2)","rgba(214,39,40,0.2)","rgba(214,39,40,0.2)","rgba(214,39,40,0.2)","rgba(214,39,40,1)","rgba(214,39,40,0.2)","rgba(214,39,40,0.2)"
168,posteriorcingulate_2_L,416.5,1.12652805,0.39858653,va,lim,#ff7f0e,#8c564b,"rgba(255,127,14,0.2)","rgba(255,127,14,1)","rgba(255,127,14,0.2)","rgba(255,127,14,0.2)","rgba(255,127,14,0.2)","rgba(255,127,14,0.2)","rgba(255,127,14,0.2)","rgba(140,86,75,0.2)","rgba(140,86,75,0.2)","rgba(140,86,75,1)","rgba(140,86,75,0.2)","rgba(140,86,75,0.2)","rgba(140,86,75,0.2)","rgba(140,86,75,0.2)"
169,insula_1_R,415.5,1.13755852,0.38021046,va,ins,#ff7f0e,#e377c2,"rgba(255,127,14,0.2)","rgba(255,127,14,1)","rgba(255,127,14,0.2)","rgba(255,127,14,0.2)","rgba(255,127,14,0.2)","rgba(255,127,14,0.2)","rgba(255,127,14,0.2)","rgba(227,119,194,0.2)","rgba(227,119,194,1)","rgba(227,119,194,0.2)","rgba(227,119,194,0.2)","rgba(227,119,194,0.2)","rgba(227,119,194,0.2)","rgba(227,119,194,0.2)"
170,superiortemporal_2_R,411,1.17324152,0.40419837,sm,asc2,#1f77b4,#2ca02c,"rgba(31,119,180,1)","rgba(31,119,180,0.2)","rgba(31,119,180,0.2)","rgba(31,119,180,0.2)","rgba(31,119,180,0.2)","rgba(31,119,180,0.2)","rgba(31,119,180,0.2)","rgba(44,160,44,0.2)","rgba(44,160,44,0.2)","rgba(44,160,44,0.2)","rgba(44,160,44,0.2)","rgba(44,160,44,0.2)","rgba(44,160,44,0.2)","rgba(44,160,44,1)"
171,supramarginal_3_L,401.5,1.15457189,0.42100555,va,asc2,#ff7f0e,#2ca02c,"rgba(255,127,14,0.2)","rgba(255,127,14,1)","rgba(255,127,14,0.2)","rgba(255,127,14,0.2)","rgba(255,127,14,0.2)","rgba(255,127,14,0.2)","rgba(255,127,14,0.2)","rgba(44,160,44,0.2)","rgba(44,160,44,0.2)","rgba(44,160,44,0.2)","rgba(44,160,44,0.2)","rgba(44,160,44,0.2)","rgba(44,160,44,0.2)","rgba(44,160,44,1)"
172,insula_2_L,398,1.10757387,0.42950952,va,ins,#ff7f0e,#e377c2,"rgba(255,127,14,0.2)","rgba(255,127,14,1)","rgba(255,127,14,0.2)","rgba(255,127,14,0.2)","rgba(255,127,14,0.2)","rgba(255,127,14,0.2)","rgba(255,127,14,0.2)","rgba(227,119,194,0.2)","rgba(227,119,194,1)","rgba(227,119,194,0.2)","rgba(227,119,194,0.2)","rgba(227,119,194,0.2)","rgba(227,119,194,0.2)","rgba(227,119,194,0.2)"
173,precentral_6_L,396.5,1.11122906,0.37588021,sm,pm,#1f77b4,#1f77b4,"rgba(31,119,180,1)","rgba(31,119,180,0.2)","rgba(31,119,180,0.2)","rgba(31,119,180,0.2)","rgba(31,119,180,0.2)","rgba(31,119,180,0.2)","rgba(31,119,180,0.2)","rgba(31,119,180,1)","rgba(31,119,180,0.2)","rgba(31,119,180,0.2)","rgba(31,119,180,0.2)","rgba(31,119,180,0.2)","rgba(31,119,180,0.2)","rgba(31,119,180,0.2)"
174,superiortemporal_1_R,395,1.16824918,0.4044975,sm,asc2,#1f77b4,#2ca02c,"rgba(31,119,180,1)","rgba(31,119,180,0.2)","rgba(31,119,180,0.2)","rgba(31,119,180,0.2)","rgba(31,119,180,0.2)","rgba(31,119,180,0.2)","rgba(31,119,180,0.2)","rgba(44,160,44,0.2)","rgba(44,160,44,0.2)","rgba(44,160,44,0.2)","rgba(44,160,44,0.2)","rgba(44,160,44,0.2)","rgba(44,160,44,0.2)","rgba(44,160,44,1)"
175,lingual_2_L,390,1.12198745,0.37401677,vis,pss,#2ca02c,#d62728,"rgba(44,160,44,0.2)","rgba(44,160,44,0.2)","rgba(44,160,44,1)","rgba(44,160,44,0.2)","rgba(44,160,44,0.2)","rgba(44,160,44,0.2)","rgba(44,160,44,0.2)","rgba(214,39,40,0.2)","rgba(214,39,40,0.2)","rgba(214,39,40,0.2)","rgba(214,39,40,0.2)","rgba(214,39,40,1)","rgba(214,39,40,0.2)","rgba(214,39,40,0.2)"
176,lateraloccipital_2_L,390,1.11586509,0.3730062,vis,pss,#2ca02c,#d62728,"rgba(44,160,44,0.2)","rgba(44,160,44,0.2)","rgba(44,160,44,1)","rgba(44,160,44,0.2)","rgba(44,160,44,0.2)","rgba(44,160,44,0.2)","rgba(44,160,44,0.2)","rgba(214,39,40,0.2)","rgba(214,39,40,0.2)","rgba(214,39,40,0.2)","rgba(214,39,40,0.2)","rgba(214,39,40,1)","rgba(214,39,40,0.2)","rgba(214,39,40,0.2)"
177,inferiortemporal_1_L,388.5,1.12620384,0.41684103,lim,asc1,#8c564b,#ff7f0e,"rgba(140,86,75,0.2)","rgba(140,86,75,0.2)","rgba(140,86,75,0.2)","rgba(140,86,75,0.2)","rgba(140,86,75,0.2)","rgba(140,86,75,1)","rgba(140,86,75,0.2)","rgba(255,127,14,0.2)","rgba(255,127,14,0.2)","rgba(255,127,14,0.2)","rgba(255,127,14,0.2)","rgba(255,127,14,0.2)","rgba(255,127,14,1)","rgba(255,127,14,0.2)"
178,caudalmiddlefrontal_2_R,385.5,1.15498907,0.42393047,fp,asc1,#d62728,#ff7f0e,"rgba(214,39,40,0.2)","rgba(214,39,40,0.2)","rgba(214,39,40,0.2)","rgba(214,39,40,1)","rgba(214,39,40,0.2)","rgba(214,39,40,0.2)","rgba(214,39,40,0.2)","rgba(255,127,14,0.2)","rgba(255,127,14,0.2)","rgba(255,127,14,0.2)","rgba(255,127,14,0.2)","rgba(255,127,14,0.2)","rgba(255,127,14,1)","rgba(255,127,14,0.2)"
179,postcentral_1_R,382,1.13585069,0.37335572,sm,ps,#1f77b4,#9467bd,"rgba(31,119,180,1)","rgba(31,119,180,0.2)","rgba(31,119,180,0.2)","rgba(31,119,180,0.2)","rgba(31,119,180,0.2)","rgba(31,119,180,0.2)","rgba(31,119,180,0.2)","rgba(148,103,189,0.2)","rgba(148,103,189,0.2)","rgba(148,103,189,0.2)","rgba(148,103,189,1)","rgba(148,103,189,0.2)","rgba(148,103,189,0.2)","rgba(148,103,189,0.2)"
180,middletemporal_2_R,380.5,1.19106998,0.42279615,dmn,asc1,#9467bd,#ff7f0e,"rgba(148,103,189,0.2)","rgba(148,103,189,0.2)","rgba(148,103,189,0.2)","rgba(148,103,189,0.2)","rgba(148,103,189,1)","rgba(148,103,189,0.2)","rgba(148,103,189,0.2)","rgba(255,127,14,0.2)","rgba(255,127,14,0.2)","rgba(255,127,14,0.2)","rgba(255,127,14,0.2)","rgba(255,127,14,0.2)","rgba(255,127,14,1)","rgba(255,127,14,0.2)"
181,bankssts_1_R,378.5,1.17962807,0.39411613,sm,asc2,#1f77b4,#2ca02c,"rgba(31,119,180,1)","rgba(31,119,180,0.2)","rgba(31,119,180,0.2)","rgba(31,119,180,0.2)","rgba(31,119,180,0.2)","rgba(31,119,180,0.2)","rgba(31,119,180,0.2)","rgba(44,160,44,0.2)","rgba(44,160,44,0.2)","rgba(44,160,44,0.2)","rgba(44,160,44,0.2)","rgba(44,160,44,0.2)","rgba(44,160,44,0.2)","rgba(44,160,44,1)"
182,parsorbitalis_1_L,373,1.15584259,0.39168513,dmn,pss,#9467bd,#d62728,"rgba(148,103,189,0.2)","rgba(148,103,189,0.2)","rgba(148,103,189,0.2)","rgba(148,103,189,0.2)","rgba(148,103,189,1)","rgba(148,103,189,0.2)","rgba(148,103,189,0.2)","rgba(214,39,40,0.2)","rgba(214,39,40,0.2)","rgba(214,39,40,0.2)","rgba(214,39,40,0.2)","rgba(214,39,40,1)","rgba(214,39,40,0.2)","rgba(214,39,40,0.2)"
183,inferiortemporal_2_L,371,1.12550886,0.41714762,lim,asc1,#8c564b,#ff7f0e,"rgba(140,86,75,0.2)","rgba(140,86,75,0.2)","rgba(140,86,75,0.2)","rgba(140,86,75,0.2)","rgba(140,86,75,0.2)","rgba(140,86,75,1)","rgba(140,86,75,0.2)","rgba(255,127,14,0.2)","rgba(255,127,14,0.2)","rgba(255,127,14,0.2)","rgba(255,127,14,0.2)","rgba(255,127,14,0.2)","rgba(255,127,14,1)","rgba(255,127,14,0.2)"
184,lingual_4_L,370.5,1.12207057,0.36233767,vis,pss,#2ca02c,#d62728,"rgba(44,160,44,0.2)","rgba(44,160,44,0.2)","rgba(44,160,44,1)","rgba(44,160,44,0.2)","rgba(44,160,44,0.2)","rgba(44,160,44,0.2)","rgba(44,160,44,0.2)","rgba(214,39,40,0.2)","rgba(214,39,40,0.2)","rgba(214,39,40,0.2)","rgba(214,39,40,0.2)","rgba(214,39,40,1)","rgba(214,39,40,0.2)","rgba(214,39,40,0.2)"
185,bankssts_1_L,363.5,1.14393659,0.38889133,dmn,asc2,#9467bd,#2ca02c,"rgba(148,103,189,0.2)","rgba(148,103,189,0.2)","rgba(148,103,189,0.2)","rgba(148,103,189,0.2)","rgba(148,103,189,1)","rgba(148,103,189,0.2)","rgba(148,103,189,0.2)","rgba(44,160,44,0.2)","rgba(44,160,44,0.2)","rgba(44,160,44,0.2)","rgba(44,160,44,0.2)","rgba(44,160,44,0.2)","rgba(44,160,44,0.2)","rgba(44,160,44,1)"
186,lateralorbitofrontal_3_L,362,1.14540971,0.35099362,lim,pss,#8c564b,#d62728,"rgba(140,86,75,0.2)","rgba(140,86,75,0.2)","rgba(140,86,75,0.2)","rgba(140,86,75,0.2)","rgba(140,86,75,0.2)","rgba(140,86,75,1)","rgba(140,86,75,0.2)","rgba(214,39,40,0.2)","rgba(214,39,40,0.2)","rgba(214,39,40,0.2)","rgba(214,39,40,0.2)","rgba(214,39,40,1)","rgba(214,39,40,0.2)","rgba(214,39,40,0.2)"
187,frontalpole_1_R,357.5,1.17677171,0.46984662,lim,asc2,#8c564b,#2ca02c,"rgba(140,86,75,0.2)","rgba(140,86,75,0.2)","rgba(140,86,75,0.2)","rgba(140,86,75,0.2)","rgba(140,86,75,0.2)","rgba(140,86,75,1)","rgba(140,86,75,0.2)","rgba(44,160,44,0.2)","rgba(44,160,44,0.2)","rgba(44,160,44,0.2)","rgba(44,160,44,0.2)","rgba(44,160,44,0.2)","rgba(44,160,44,0.2)","rgba(44,160,44,1)"
188,middletemporal_3_R,353.5,1.17954734,0.42090978,dmn,asc1,#9467bd,#ff7f0e,"rgba(148,103,189,0.2)","rgba(148,103,189,0.2)","rgba(148,103,189,0.2)","rgba(148,103,189,0.2)","rgba(148,103,189,1)","rgba(148,103,189,0.2)","rgba(148,103,189,0.2)","rgba(255,127,14,0.2)","rgba(255,127,14,0.2)","rgba(255,127,14,0.2)","rgba(255,127,14,0.2)","rgba(255,127,14,0.2)","rgba(255,127,14,1)","rgba(255,127,14,0.2)"
189,medialorbitofrontal_2_R,352,1.12218885,0.41344458,lim,pss,#8c564b,#d62728,"rgba(140,86,75,0.2)","rgba(140,86,75,0.2)","rgba(140,86,75,0.2)","rgba(140,86,75,0.2)","rgba(140,86,75,0.2)","rgba(140,86,75,1)","rgba(140,86,75,0.2)","rgba(214,39,40,0.2)","rgba(214,39,40,0.2)","rgba(214,39,40,0.2)","rgba(214,39,40,0.2)","rgba(214,39,40,1)","rgba(214,39,40,0.2)","rgba(214,39,40,0.2)"
190,precuneus_3_R,347.5,1.16673527,0.40765164,dmn,asc1,#9467bd,#ff7f0e,"rgba(148,103,189,0.2)","rgba(148,103,189,0.2)","rgba(148,103,189,0.2)","rgba(148,103,189,0.2)","rgba(148,103,189,1)","rgba(148,103,189,0.2)","rgba(148,103,189,0.2)","rgba(255,127,14,0.2)","rgba(255,127,14,0.2)","rgba(255,127,14,0.2)","rgba(255,127,14,0.2)","rgba(255,127,14,0.2)","rgba(255,127,14,1)","rgba(255,127,14,0.2)"
191,precuneus_1_R,344.5,1.14562615,0.42421544,dmn,asc1,#9467bd,#ff7f0e,"rgba(148,103,189,0.2)","rgba(148,103,189,0.2)","rgba(148,103,189,0.2)","rgba(148,103,189,0.2)","rgba(148,103,189,1)","rgba(148,103,189,0.2)","rgba(148,103,189,0.2)","rgba(255,127,14,0.2)","rgba(255,127,14,0.2)","rgba(255,127,14,0.2)","rgba(255,127,14,0.2)","rgba(255,127,14,0.2)","rgba(255,127,14,1)","rgba(255,127,14,0.2)"
192,lingual_3_L,338.5,1.1159626,0.38726829,vis,pss,#2ca02c,#d62728,"rgba(44,160,44,0.2)","rgba(44,160,44,0.2)","rgba(44,160,44,1)","rgba(44,160,44,0.2)","rgba(44,160,44,0.2)","rgba(44,160,44,0.2)","rgba(44,160,44,0.2)","rgba(214,39,40,0.2)","rgba(214,39,40,0.2)","rgba(214,39,40,0.2)","rgba(214,39,40,0.2)","rgba(214,39,40,1)","rgba(214,39,40,0.2)","rgba(214,39,40,0.2)"
193,supramarginal_1_L,336,1.12093588,0.36028196,va,asc2,#ff7f0e,#2ca02c,"rgba(255,127,14,0.2)","rgba(255,127,14,1)","rgba(255,127,14,0.2)","rgba(255,127,14,0.2)","rgba(255,127,14,0.2)","rgba(255,127,14,0.2)","rgba(255,127,14,0.2)","rgba(44,160,44,0.2)","rgba(44,160,44,0.2)","rgba(44,160,44,0.2)","rgba(44,160,44,0.2)","rgba(44,160,44,0.2)","rgba(44,160,44,0.2)","rgba(44,160,44,1)"
194,lateralorbitofrontal_1_R,331,1.09700753,0.39960318,lim,pss,#8c564b,#d62728,"rgba(140,86,75,0.2)","rgba(140,86,75,0.2)","rgba(140,86,75,0.2)","rgba(140,86,75,0.2)","rgba(140,86,75,0.2)","rgba(140,86,75,1)","rgba(140,86,75,0.2)","rgba(214,39,40,0.2)","rgba(214,39,40,0.2)","rgba(214,39,40,0.2)","rgba(214,39,40,0.2)","rgba(214,39,40,1)","rgba(214,39,40,0.2)","rgba(214,39,40,0.2)"
195,superiortemporal_2_L,328.5,1.14558755,0.39278646,sm,asc2,#1f77b4,#2ca02c,"rgba(31,119,180,1)","rgba(31,119,180,0.2)","rgba(31,119,180,0.2)","rgba(31,119,180,0.2)","rgba(31,119,180,0.2)","rgba(31,119,180,0.2)","rgba(31,119,180,0.2)","rgba(44,160,44,0.2)","rgba(44,160,44,0.2)","rgba(44,160,44,0.2)","rgba(44,160,44,0.2)","rgba(44,160,44,0.2)","rgba(44,160,44,0.2)","rgba(44,160,44,1)"
196,precuneus_2_R,323.5,1.16870301,0.42623544,dmn,asc1,#9467bd,#ff7f0e,"rgba(148,103,189,0.2)","rgba(148,103,189,0.2)","rgba(148,103,189,0.2)","rgba(148,103,189,0.2)","rgba(148,103,189,1)","rgba(148,103,189,0.2)","rgba(148,103,189,0.2)","rgba(255,127,14,0.2)","rgba(255,127,14,0.2)","rgba(255,127,14,0.2)","rgba(255,127,14,0.2)","rgba(255,127,14,0.2)","rgba(255,127,14,1)","rgba(255,127,14,0.2)"
197,postcentral_2_L,315,1.10527571,0.44680901,sm,ps,#1f77b4,#9467bd,"rgba(31,119,180,1)","rgba(31,119,180,0.2)","rgba(31,119,180,0.2)","rgba(31,119,180,0.2)","rgba(31,119,180,0.2)","rgba(31,119,180,0.2)","rgba(31,119,180,0.2)","rgba(148,103,189,0.2)","rgba(148,103,189,0.2)","rgba(148,103,189,0.2)","rgba(148,103,189,1)","rgba(148,103,189,0.2)","rgba(148,103,189,0.2)","rgba(148,103,189,0.2)"
198,parahippocampal_1_R,312.5,1.13038675,0.38620471,vis,lim,#2ca02c,#8c564b,"rgba(44,160,44,0.2)","rgba(44,160,44,0.2)","rgba(44,160,44,1)","rgba(44,160,44,0.2)","rgba(44,160,44,0.2)","rgba(44,160,44,0.2)","rgba(44,160,44,0.2)","rgba(140,86,75,0.2)","rgba(140,86,75,0.2)","rgba(140,86,75,1)","rgba(140,86,75,0.2)","rgba(140,86,75,0.2)","rgba(140,86,75,0.2)","rgba(140,86,75,0.2)"
199,inferiortemporal_2_R,306.5,1.14739893,0.39466356,lim,asc1,#8c564b,#ff7f0e,"rgba(140,86,75,0.2)","rgba(140,86,75,0.2)","rgba(140,86,75,0.2)","rgba(140,86,75,0.2)","rgba(140,86,75,0.2)","rgba(140,86,75,1)","rgba(140,86,75,0.2)","rgba(255,127,14,0.2)","rgba(255,127,14,0.2)","rgba(255,127,14,0.2)","rgba(255,127,14,0.2)","rgba(255,127,14,0.2)","rgba(255,127,14,1)","rgba(255,127,14,0.2)"
200,pericalcarine_2_R,304,1.11367381,0.3870928,vis,ps,#2ca02c,#9467bd,"rgba(44,160,44,0.2)","rgba(44,160,44,0.2)","rgba(44,160,44,1)","rgba(44,160,44,0.2)","rgba(44,160,44,0.2)","rgba(44,160,44,0.2)","rgba(44,160,44,0.2)","rgba(148,103,189,0.2)","rgba(148,103,189,0.2)","rgba(148,103,189,0.2)","rgba(148,103,189,1)","rgba(148,103,189,0.2)","rgba(148,103,189,0.2)","rgba(148,103,189,0.2)"
201,frontalpole_1_L,302,1.18530841,0.47383029,lim,asc2,#8c564b,#2ca02c,"rgba(140,86,75,0.2)","rgba(140,86,75,0.2)","rgba(140,86,75,0.2)","rgba(140,86,75,0.2)","rgba(140,86,75,0.2)","rgba(140,86,75,1)","rgba(140,86,75,0.2)","rgba(44,160,44,0.2)","rgba(44,160,44,0.2)","rgba(44,160,44,0.2)","rgba(44,160,44,0.2)","rgba(44,160,44,0.2)","rgba(44,160,44,0.2)","rgba(44,160,44,1)"
202,bankssts_2_L,295.5,1.15244614,0.41726668,dmn,asc2,#9467bd,#2ca02c,"rgba(148,103,189,0.2)","rgba(148,103,189,0.2)","rgba(148,103,189,0.2)","rgba(148,103,189,0.2)","rgba(148,103,189,1)","rgba(148,103,189,0.2)","rgba(148,103,189,0.2)","rgba(44,160,44,0.2)","rgba(44,160,44,0.2)","rgba(44,160,44,0.2)","rgba(44,160,44,0.2)","rgba(44,160,44,0.2)","rgba(44,160,44,0.2)","rgba(44,160,44,1)"
203,lateralorbitofrontal_3_R,291.5,1.10993609,0.37813048,lim,pss,#8c564b,#d62728,"rgba(140,86,75,0.2)","rgba(140,86,75,0.2)","rgba(140,86,75,0.2)","rgba(140,86,75,0.2)","rgba(140,86,75,0.2)","rgba(140,86,75,1)","rgba(140,86,75,0.2)","rgba(214,39,40,0.2)","rgba(214,39,40,0.2)","rgba(214,39,40,0.2)","rgba(214,39,40,0.2)","rgba(214,39,40,1)","rgba(214,39,40,0.2)","rgba(214,39,40,0.2)"
204,parahippocampal_1_L,287.5,1.09930521,0.40018805,dmn,lim,#9467bd,#8c564b,"rgba(148,103,189,0.2)","rgba(148,103,189,0.2)","rgba(148,103,189,0.2)","rgba(148,103,189,0.2)","rgba(148,103,189,1)","rgba(148,103,189,0.2)","rgba(148,103,189,0.2)","rgba(140,86,75,0.2)","rgba(140,86,75,0.2)","rgba(140,86,75,1)","rgba(140,86,75,0.2)","rgba(140,86,75,0.2)","rgba(140,86,75,0.2)","rgba(140,86,75,0.2)"
205,postcentral_6_L,282.5,1.11845079,0.38120803,sm,ps,#1f77b4,#9467bd,"rgba(31,119,180,1)","rgba(31,119,180,0.2)","rgba(31,119,180,0.2)","rgba(31,119,180,0.2)","rgba(31,119,180,0.2)","rgba(31,119,180,0.2)","rgba(31,119,180,0.2)","rgba(148,103,189,0.2)","rgba(148,103,189,0.2)","rgba(148,103,189,0.2)","rgba(148,103,189,1)","rgba(148,103,189,0.2)","rgba(148,103,189,0.2)","rgba(148,103,189,0.2)"
206,transversetemporal_1_L,259,1.11428145,0.35008804,sm,ps,#1f77b4,#9467bd,"rgba(31,119,180,1)","rgba(31,119,180,0.2)","rgba(31,119,180,0.2)","rgba(31,119,180,0.2)","rgba(31,119,180,0.2)","rgba(31,119,180,0.2)","rgba(31,119,180,0.2)","rgba(148,103,189,0.2)","rgba(148,103,189,0.2)","rgba(148,103,189,0.2)","rgba(148,103,189,1)","rgba(148,103,189,0.2)","rgba(148,103,189,0.2)","rgba(148,103,189,0.2)"
207,inferiortemporal_3_R,253,1.15982222,0.39638315,lim,asc1,#8c564b,#ff7f0e,"rgba(140,86,75,0.2)","rgba(140,86,75,0.2)","rgba(140,86,75,0.2)","rgba(140,86,75,0.2)","rgba(140,86,75,0.2)","rgba(140,86,75,1)","rgba(140,86,75,0.2)","rgba(255,127,14,0.2)","rgba(255,127,14,0.2)","rgba(255,127,14,0.2)","rgba(255,127,14,0.2)","rgba(255,127,14,0.2)","rgba(255,127,14,1)","rgba(255,127,14,0.2)"
208,postcentral_4_R,232.5,1.14657029,0.39781581,sm,ps,#1f77b4,#9467bd,"rgba(31,119,180,1)","rgba(31,119,180,0.2)","rgba(31,119,180,0.2)","rgba(31,119,180,0.2)","rgba(31,119,180,0.2)","rgba(31,119,180,0.2)","rgba(31,119,180,0.2)","rgba(148,103,189,0.2)","rgba(148,103,189,0.2)","rgba(148,103,189,0.2)","rgba(148,103,189,1)","rgba(148,103,189,0.2)","rgba(148,103,189,0.2)","rgba(148,103,189,0.2)"
209,insula_4_L,223.5,1.0884488,0.37649701,va,ins,#ff7f0e,#e377c2,"rgba(255,127,14,0.2)","rgba(255,127,14,1)","rgba(255,127,14,0.2)","rgba(255,127,14,0.2)","rgba(255,127,14,0.2)","rgba(255,127,14,0.2)","rgba(255,127,14,0.2)","rgba(227,119,194,0.2)","rgba(227,119,194,1)","rgba(227,119,194,0.2)","rgba(227,119,194,0.2)","rgba(227,119,194,0.2)","rgba(227,119,194,0.2)","rgba(227,119,194,0.2)"
210,parstriangularis_1_R,213.5,1.09805492,0.38869105,va,asc1,#ff7f0e,#ff7f0e,"rgba(255,127,14,0.2)","rgba(255,127,14,1)","rgba(255,127,14,0.2)","rgba(255,127,14,0.2)","rgba(255,127,14,0.2)","rgba(255,127,14,0.2)","rgba(255,127,14,0.2)","rgba(255,127,14,0.2)","rgba(255,127,14,0.2)","rgba(255,127,14,0.2)","rgba(255,127,14,0.2)","rgba(255,127,14,0.2)","rgba(255,127,14,1)","rgba(255,127,14,0.2)"
211,lateralorbitofrontal_4_R,206,1.12717573,0.40416604,lim,pss,#8c564b,#d62728,"rgba(140,86,75,0.2)","rgba(140,86,75,0.2)","rgba(140,86,75,0.2)","rgba(140,86,75,0.2)","rgba(140,86,75,0.2)","rgba(140,86,75,1)","rgba(140,86,75,0.2)","rgba(214,39,40,0.2)","rgba(214,39,40,0.2)","rgba(214,39,40,0.2)","rgba(214,39,40,0.2)","rgba(214,39,40,1)","rgba(214,39,40,0.2)","rgba(214,39,40,0.2)"
212,transversetemporal_1_R,198.5,1.13660956,0.35176081,sm,ps,#1f77b4,#9467bd,"rgba(31,119,180,1)","rgba(31,119,180,0.2)","rgba(31,119,180,0.2)","rgba(31,119,180,0.2)","rgba(31,119,180,0.2)","rgba(31,119,180,0.2)","rgba(31,119,180,0.2)","rgba(148,103,189,0.2)","rgba(148,103,189,0.2)","rgba(148,103,189,0.2)","rgba(148,103,189,1)","rgba(148,103,189,0.2)","rgba(148,103,189,0.2)","rgba(148,103,189,0.2)"
213,temporalpole_1_L,184,1.10471053,0.4196923,lim,asc1,#8c564b,#ff7f0e,"rgba(140,86,75,0.2)","rgba(140,86,75,0.2)","rgba(140,86,75,0.2)","rgba(140,86,75,0.2)","rgba(140,86,75,0.2)","rgba(140,86,75,1)","rgba(140,86,75,0.2)","rgba(255,127,14,0.2)","rgba(255,127,14,0.2)","rgba(255,127,14,0.2)","rgba(255,127,14,0.2)","rgba(255,127,14,0.2)","rgba(255,127,14,1)","rgba(255,127,14,0.2)"
214,medialorbitofrontal_3_R,172,1.09647305,0.37374967,lim,pss,#8c564b,#d62728,"rgba(140,86,75,0.2)","rgba(140,86,75,0.2)","rgba(140,86,75,0.2)","rgba(140,86,75,0.2)","rgba(140,86,75,0.2)","rgba(140,86,75,1)","rgba(140,86,75,0.2)","rgba(214,39,40,0.2)","rgba(214,39,40,0.2)","rgba(214,39,40,0.2)","rgba(214,39,40,0.2)","rgba(214,39,40,1)","rgba(214,39,40,0.2)","rgba(214,39,40,0.2)"
215,superiortemporal_4_R,110.5,1.06875604,0.38800892,sm,asc2,#1f77b4,#2ca02c,"rgba(31,119,180,1)","rgba(31,119,180,0.2)","rgba(31,119,180,0.2)","rgba(31,119,180,0.2)","rgba(31,119,180,0.2)","rgba(31,119,180,0.2)","rgba(31,119,180,0.2)","rgba(44,160,44,0.2)","rgba(44,160,44,0.2)","rgba(44,160,44,0.2)","rgba(44,160,44,0.2)","rgba(44,160,44,0.2)","rgba(44,160,44,0.2)","rgba(44,160,44,1)"
216,entorhinal_1_L,108,1.07754711,0.42074957,lim,lim,#8c564b,#8c564b,"rgba(140,86,75,0.2)","rgba(140,86,75,0.2)","rgba(140,86,75,0.2)","rgba(140,86,75,0.2)","rgba(140,86,75,0.2)","rgba(140,86,75,1)","rgba(140,86,75,0.2)","rgba(140,86,75,0.2)","rgba(140,86,75,0.2)","rgba(140,86,75,1)","rgba(140,86,75,0.2)","rgba(140,86,75,0.2)","rgba(140,86,75,0.2)","rgba(140,86,75,0.2)"
217,temporalpole_1_R,91.5,1.11247497,0.39355292,lim,asc1,#8c564b,#ff7f0e,"rgba(140,86,75,0.2)","rgba(140,86,75,0.2)","rgba(140,86,75,0.2)","rgba(140,86,75,0.2)","rgba(140,86,75,0.2)","rgba(140,86,75,1)","rgba(140,86,75,0.2)","rgba(255,127,14,0.2)","rgba(255,127,14,0.2)","rgba(255,127,14,0.2)","rgba(255,127,14,0.2)","rgba(255,127,14,0.2)","rgba(255,127,14,1)","rgba(255,127,14,0.2)"
218,entorhinal_1_R,55.5,1.07964617,0.40300478,lim,lim,#8c564b,#8c564b,"rgba(140,86,75,0.2)","rgba(140,86,75,0.2)","rgba(140,86,75,0.2)","rgba(140,86,75,0.2)","rgba(140,86,75,0.2)","rgba(140,86,75,1)","rgba(140,86,75,0.2)","rgba(140,86,75,0.2)","rgba(140,86,75,0.2)","rgba(140,86,75,1)","rgba(140,86,75,0.2)","rgba(140,86,75,0.2)","rgba(140,86,75,0.2)","rgba(140,86,75,0.2)"